,Crop,Stage,Disease Name,Pathogen Type,Favorable Weather Conditions,Symptoms at This Stage,Why This Stage is Vulnerable,Preventive Measures,Monitoring Indicators,NDVI,EVI,SAVI,NDRE,LAI,NDWI,NDMI,RSM,RVI,VARI,SOC,AVI,BSI,SI,VSSI,Crop_enc,Stage_enc,Disease_enc
0,corn,seed treatment & sowing,seed rot & seedling blight (pythium spp.),Fungus (Oomycete),"Cool, wet soils; soil temperature < 15–18°C; high soil moisture","Seeds fail to germinate, soft rotten seeds, weak or water-soaked seedlings","Seeds are in prolonged contact with moist soil; low GDD (~10) slows germination, giving pathogen more time to infect",Use treated seeds; ensure well-drained soil; avoid early sowing in cold soils,Soil moisture levels >70%; NDVI shows no early emergence; continuous cloudy/rainy days,2,2,2,2,2,2,2,2,2,2,2,2,2,2,2,2,22,183
1,corn,seed treatment & sowing,seedling blight (fusarium spp.),Fungus,Warm + moist soils; fluctuating temperatures; moderate rainfall,"Poor emergence, reddish/pink discoloration on seed or root, weak seedlings",Fusarium survives in soil and infects slow-germinating seeds; early stage roots are tender,Use fungicide-treated seeds; crop rotation; avoid planting in infected fields,Soil temp fluctuations; erratic NDVI rise; history of Fusarium in field,2,2,2,2,2,2,2,2,2,2,2,2,2,2,2,2,22,187
2,corn,seed treatment & sowing,seedling anthracnose,Fungus,Warm and humid; rainfall during sowing,"Brown to black lesions on emerging coleoptile, weak seedlings",The pathogen infects shoots as soon as seedlings emerge; low GDD means slow emergence,Certified seeds; treat seeds with broad-spectrum fungicide; maintain proper plant spacing,High humidity (>85%); rainfall immediately after sowing; NDVI slow growth trends,3,3,3,3,3,3,3,3,2,2,2,2,2,2,2,2,22,185
3,corn,seed treatment & sowing,common smut,Fungus,Dry conditions followed by brief moisture; warm soil,Usually asymptomatic at sowing; may show slight swelling on seedling nodes later,Infection occurs through young meristematic tissues during very early stages,Use resistant hybrids; seed treatment; avoid mechanical injury during sowing,Soil injury zones; fluctuating humidity; NDVI uneven emergence,3,3,3,3,3,3,3,3,4,4,4,4,2,2,2,2,22,56
4,corn,seed treatment & sowing,seed corn maggot,Pest (Insect Larvae),"Cool, wet soils; heavy organic matter; recently manured fields","Seeds hollowed out, missing seeds, weak emergence",Slow germination due to low GDD (10) makes seeds exposed longer for larval attack,Avoid fresh manure before sowing; use insecticide-treated seeds; proper soil preparation,Pest trap counts; soil organic matter; NDVI gaps in early emergence,2,2,2,2,2,2,2,2,2,2,2,2,2,2,2,2,22,181
5,corn,seed treatment & sowing,stewart’s wilt,Bacteria,Warm early-season temperatures; presence of flea beetles,No visible symptoms yet—early infection is internal,Bacteria enter young seedlings when flea beetles feed on emerging tissue,Plant resistant varieties; manage flea beetles; seed treatment with antibacterial agents,Flea beetle population counts; warm spring; NDVI slight initial suppression,2,2,2,2,2,2,2,2,2,2,2,2,2,2,2,2,22,211
6,corn,germination,pythium seed rot & damping-off,Fungus (Oomycete),"Cool, wet soils; soil temp <18°C; waterlogged beds","Seeds rot before sprouting, seedlings collapse shortly after emergence","Low GDD (~10) slows germination, keeping seeds in moist soil longer → ideal for Pythium",Use treated seeds; ensure proper drainage; avoid early planting in cold soils,High soil moisture (>70%); continuous cloudy days; NDVI shows no early emergence,3,3,3,3,3,3,3,3,4,4,4,4,4,4,4,2,9,159
7,corn,germination,fusarium seedling blight,Fungus,Warm–cool alternating temps; moist soils; moderate rainfall,"Stunted or pale seedlings, brown discoloration near roots",Rapid pathogen growth during fluctuating soil temps; germinating seeds have weak root systems,Fungicide-treated seed; crop rotation; avoid planting in infected fields,NDVI slow rise; soil temperature swings; Fusarium history in the field,2,2,2,2,2,2,2,2,2,2,2,2,2,2,2,2,9,99
8,corn,germination,rhizoctonia damping-off,Fungus,Warm soils (20–25°C) but also active in cool moist periods,Brown sunken lesions on roots; seedlings fail to establish,Germinating seeds have delicate roots easily attacked during early growth,Use clean seeds; proper seed spacing; avoid poorly drained soil,Soil crusting; patchy NDVI emergence; warm days + cool nights,2,2,2,2,2,2,2,2,2,2,2,2,2,2,2,2,9,164
9,corn,germination,seedling anthracnose,Fungus,"Humid, warm weather; rainfall during or after sowing",Black/brown lesions on emerging shoots; weak seedlings,Young tissues emerging from soil are highly susceptible,Use certified seeds; fungicide treatment; maintain optimal sowing depth,High humidity (>80%); rainfall within 48 hrs of sowing; slow NDVI growth,3,3,3,3,3,3,3,3,2,2,2,2,2,2,2,2,9,185
10,corn,germination,seed corn maggot,Pest (Larvae),"Cool, wet soils; fields with heavy organic matter or manure","Seeds hollowed, missing, or fail to sprout",Slow germination due to low GDD exposes seeds longer to larval feeding,Avoid fresh manure; insecticide-treated seeds; good tillage,Pest trap counts; high soil organic matter; NDVI emergence gaps,2,2,2,2,2,2,2,2,2,2,2,2,2,2,2,2,9,181
11,corn,germination,stewart’s wilt (early infection),Bacteria,Warm early temperatures; flea beetle presence,Symptoms not visible yet; infection begins when beetles feed on seedlings,Germinating seedlings have soft tissues easily penetrated by beetles,Control flea beetles; resistant hybrids; antibacterial seed treatment,Flea beetle counts; warm early-season weather; slight NDVI suppression,2,2,2,2,2,2,2,2,2,2,2,2,2,2,2,2,9,213
12,corn,emergence(ve),pythium damping-off,Fungus (Oomycete),"Cool, wet soils; soil temp <18°C; prolonged moisture","Seedlings collapse at soil line, water-soaked stems, pale emerging shoots","Low GDD (~10) slows emergence, keeping hypocotyl and mesocotyl exposed to infection",Treated seeds; avoid waterlogging; sow at optimal soil temps,Soil moisture >70%; cloudy/rainy days; NDVI weak emergence patches,2,2,2,2,2,2,2,2,2,2,2,2,2,2,2,2,7,156
13,corn,emergence(ve),rhizoctonia root rot,Fungus,Moist soils; warm days + cool nights,Sunken brown lesions on coleoptile or roots; uneven stands,Young roots are still forming; soil fungi attack tender tissues during emergence,"Seed treatment; avoid planting in cold, compacted soil; ensure good aeration",Soil crusting; patchy emergence in NDVI; fluctuating soil temps,2,2,2,2,2,2,2,2,2,2,2,2,2,2,2,2,7,165
14,corn,emergence(ve),fusarium seedling blight,Fungus,Moderate moisture; fluctuating soil temperature,"Stunted VE seedlings, pale leaves, brown root discoloration",Fusarium infects slow-growing seedlings before strong root systems form,Crop rotation; fungicide-treated seeds; avoid infected fields,NDVI slow rise; soil temp swings; prior Fusarium presence,2,2,2,2,2,2,2,2,2,2,2,2,2,2,2,2,7,99
15,corn,emergence(ve),seedling anthracnose,Fungus,High humidity; rain after sowing,Black/brown lesions on coleoptile; weakened shoots,Newly emerged tissues are soft and exposed; rainfall splashes spores onto seedlings,Certified seeds; fungicide seed coats; avoid shallow sowing,Humidity >80%; rainfall events; NDVI low vigor trends,4,4,4,4,4,4,4,4,4,4,4,4,4,4,4,2,7,185
16,corn,emergence(ve),common smut (early infection),Fungus,"Warm, dry → sudden moisture; light soil injury",No visible VE-stage symptoms yet; early internal infection possible,Pathogen enters through wounds on young shoots during emergence,Resistant hybrids; minimize mechanical injury; seed treatment,Humidity shifts; soil damage zones; NDVI uneven emergence,3,3,3,3,3,3,3,3,4,4,4,4,2,2,2,2,7,57
17,corn,emergence(ve),seed corn maggot,Pest,"Cool, wet soils; recently manured fields",Missing seedlings; weak or delayed emergence,"Larvae feed on seeds before/at VE, reducing stand count",Avoid fresh manure; insecticide-treated seeds; proper soil prep,Pest trap counts; organic matter levels; NDVI gaps in rows,2,2,2,2,2,2,2,2,2,2,2,2,2,2,2,2,7,181
18,corn,emergence(ve),stewart’s wilt (early beetle transmission),Bacteria,Warm early season; flea beetle activity,"VE seedlings may show slight leaf streaking later, but infection begins now",Young shoots are tender; flea beetles transmit bacteria during feeding,Control beetles; resistant varieties; insecticidal seed treatment,Beetle counts; warm weather patterns; initial NDVI suppression,2,2,2,2,2,2,2,2,2,2,2,2,2,2,2,2,7,212
19,corn,seedling stage,seedling blight,"Fungus (Fusarium spp., Pythium spp.)","Cool–wet soils, high soil moisture, fluctuating temperatures","Pale or brown roots, weak seedlings, stunted emergence","Seedling roots are still shallow and soft, making them easy targets for soil fungi","Treat seeds with broad-spectrum fungicides, avoid waterlogging, ensure good soil drainage","Soil moisture >70%, NDVI stagnation in rows, soil temperature <15°C",2,2,2,2,2,2,2,2,2,2,2,2,2,2,2,2,32,186
20,corn,seedling stage,damping-off,"Fungus (Pythium, Rhizoctonia)","Wet soils, humidity >80%, cool nights","Sudden collapse of emerging seedlings, rotting at stem base",Pathogens attack soft stem tissues before full root establishment,"Use resistant seed, maintain proper spacing, avoid over-irrigation","Soil humidity trends, rainfall forecasts, early seedling deaths in patches",3,3,3,3,3,3,3,3,2,2,2,2,2,2,2,2,32,78
21,corn,seedling stage,stewart’s wilt,Bacteria (Pantoea stewartii),"Warm, humid conditions with high flea beetle activity","Yellow streaks on young leaves, wilting in young plants",Seedlings easily infected through insect wounds,"Control flea beetles, remove infected debris from previous crop","Flea beetle count, rising temperatures >20°C, localized leaf streaking",3,3,3,3,3,3,3,3,2,2,2,2,2,2,2,2,32,211
22,corn,seedling stage,maize chlorotic mottle virus (mcmv),Virus,"Warm climate, high population of thrips/beetles",Yellow mottling or chlorotic patches on young leaves,"Seedlings have immature immune response, making viral infection more severe","Certified virus-free seeds, weed control, vector management","Thrips count, sudden chlorosis in NDVI maps, warm dry spells increasing vector movement",2,2,2,2,2,2,2,2,2,2,2,2,2,2,2,2,32,129
23,corn,seedling stage,southern corn leaf blight,Fungus (Bipolaris maydis),"Warm (20–28°C), moist environment","Tan lesions on lower leaves, early leaf blight",Young leaves are tender and pathogen can establish rapidly,"Use resistant hybrids, ensure good airflow, avoid overhead irrigation","Leaf wetness duration, humidity >85%, appearance of small lesions in clusters",2,2,2,2,2,2,2,2,2,2,2,2,2,2,2,2,32,195
24,corn,seedling stage,gray leaf spot,Fungus (Cercospora zeae-maydis),"High humidity, long leaf wetness periods, warm weather",Narrow chlorotic streaks on young leaves,Pathogen establishes early on juvenile leaf tissue,"Residue management, crop rotation, maintain field sanitation","Weather favorability index (humid + warm), early streaks on lower leaves",4,4,4,4,4,4,4,4,4,4,4,4,4,4,4,2,32,114
25,corn,seedling stage,rootworm injury,Pest (Diabrotica spp.),"Warm soils, continuous maize cropping","Stunted plants, poor root anchoring, uneven emergence",Larvae feed heavily on young roots at this stage,"Crop rotation, seed insecticide treatment, pheromone traps","Rootworm trap count, soil temperature >12°C, uneven stand emergence",2,2,2,2,2,2,2,2,2,2,2,2,2,2,2,2,32,176
26,corn,seedling stage,cutworm damage,Pest,Cool–moist soil with abundant weeds,"Cut stems near soil line, missing seedlings in rows",Seedlings are soft and easily cut by larvae feeding at night,"Remove weeds before sowing, apply insecticidal soil treatment","Night-time pheromone trap counts, weed cover percentage",2,2,2,2,2,2,2,2,2,2,2,2,2,2,2,2,32,77
27,corn,seedling stage,"nematode injury (lesion, root-knot)",Nematode,"Warm, sandy soils; monocropping","Poor seedling vigor, reduced root mass, leaf yellowing",Nematodes attack early roots before branching strengthens,"Soil solarization, crop rotation, organic amendments","Soil nematode assays, patchy NDVI decline, sandy soil hotspots",2,2,2,2,2,2,2,2,2,2,2,2,2,2,2,2,32,140
28,corn,vegetative (v1–vn),northern corn leaf blight (nclb),Fungus (Exserohilum turcicum),"Moderate temps (18–27°C), prolonged leaf wetness, high humidity",Long cigar-shaped gray-green lesions on lower leaves,"Dense canopy begins forming, promoting leaf wetness and infection","Use resistant hybrids, ensure good row spacing, timely fungicide spray if needed","Leaf wetness >10 hrs, humidity >85%, early lesion detection on lower canopy",4,4,4,4,4,4,4,4,4,4,4,4,4,4,4,2,33,142
29,corn,vegetative (v1–vn),gray leaf spot (gls),Fungus (Cercospora zeae-maydis),"Warm (25–30°C), humid, low airflow",Narrow rectangular lesions between veins,Leaf expansion increases surface area for pathogen infection,"Crop residue management, hybrid resistance, fungicide at threshold","Humidity spikes, hot–humid days, NDVI drop in streaks",3,3,3,3,3,3,3,3,2,2,2,2,2,2,2,2,33,116
30,corn,vegetative (v1–vn),common rust,Fungus (Puccinia sorghi),"Cool to moderate temps (15–25°C), high humidity",Small cinnamon-brown pustules on upper leaf surface,Young leaves rapidly expand and are highly susceptible,"Use resistant varieties, avoid planting near infected fields","Weather favorability index for rust, spore trap data, early rust spots",4,4,4,4,4,4,4,4,4,4,4,4,4,4,4,2,33,53
31,corn,vegetative (v1–vn),southern corn leaf blight,Fungus (Bipolaris maydis),"Warm (20–28°C), moist conditions",Tan lesions with reddish borders on leaves,Vegetative leaves are tender and pathogen colonizes easily,"Residue decomposition, resistant hybrids, timely sprays","Leaf wetness duration, humidity >80%, patch-based NDVI loss",2,2,2,2,2,2,2,2,2,2,2,2,2,2,2,2,33,195
32,corn,vegetative (v1–vn),anthracnose leaf blight,Fungus (Colletotrichum graminicola),Warm & humid environments,Oval water-soaked lesions with yellow halos on leaves,Rapid leaf growth + shaded lower canopy enhances infection,"Balanced nitrogen, residue management, fungicide if severe","Rainfall patterns, shaded canopy zones, early lesion mapping",3,3,3,3,3,3,3,3,2,2,2,2,2,2,2,2,33,12
33,corn,vegetative (v1–vn),maize dwarf mosaic virus (mdmv),Virus,"Warm weather, high aphid activity","Mosaic, mottling, yellow streaks on leaves",Growing leaves are tender and aphids transmit virus easily,"Control aphids, remove grassy weeds, use virus-free seed","Aphid population, sudden NDVI fluctuations, warm dry spells",2,2,2,2,2,2,2,2,2,2,2,2,2,2,2,2,33,131
34,corn,vegetative (v1–vn),corn leaf aphid infestation,Pest,Hot dry weather,"Leaves curl, shiny honeydew deposits, stunted growth",Aphids colonize fast during vegetative growth when plants are tender,"Neem oil, insecticidal soaps, natural predators","Aphid count per leaf, temperature >28°C, honeydew detection",3,3,3,3,3,3,3,3,4,4,4,4,3,3,3,2,33,67
35,corn,vegetative (v1–vn),fall armyworm,Pest,"Warm & humid, cloudy weather","Window-pane feeding, ragged leaves, frass in whorl",Whorl stage (V3–V6) provides shelter for larvae,"Feromone traps, timely insecticide, intercropping","FAW trap count, frass detection in whorls, NDVI drops in patches",3,3,3,3,3,3,3,3,2,2,2,2,2,2,2,2,33,87
36,corn,vegetative (v1–vn),corn rootworm (adult feeding),Pest,Warm temperatures,Scarring on leaves from adult beetle feeding,Beetles emerge early during vegetative stage,"Crop rotation, bait traps, resistant hybrids","Adult beetle trap counts, soil temperature >20°C",2,2,2,2,2,2,2,2,2,2,2,2,2,2,2,2,33,69
37,corn,vegetative (v1–vn),"nematode injury (lesion, root-knot)",Nematode,"Warm sandy soils, dry spells","Stunted, uneven growth, mild leaf yellowing",Roots expand rapidly during vegetative stage; nematodes hinder nutrient uptake,"Crop rotation, organic matter improvement, nematicides","Soil nematode sampling, patchy NDVI decline, sandy soil hotspots",3,3,3,3,3,3,3,3,4,4,4,4,2,2,2,2,33,141
38,corn,tasseling,northern corn leaf blight (nclb),Fungus,"Moderate temps (18–27°C), long leaf wetness, high humidity",Elongated cigar-shaped lesions spreading to upper canopy,Dense canopy + tassel humidity allow rapid fungal spread,"Apply fungicide at VT stage, use resistant hybrids","Canopy humidity >85%, early lesions in upper leaves, NDVI banding",4,4,4,4,4,4,4,4,4,4,4,4,4,4,4,2,29,142
39,corn,tasseling,gray leaf spot (gls),Fungus,"Warm (25–30°C), humid, low airflow",Narrow rectangular lesions approaching the ear leaf,VT is peak susceptibility—ear leaf critical for grain formation,"Fungicide at VT–R1, rotate crops, residue breakdown","Leaf wetness >12 hrs, hot-humid days, lesion expansion rate",3,3,3,3,3,3,3,3,2,2,2,2,2,2,2,2,29,116
40,corn,tasseling,common rust,Fungus,"Moderate temps (15–25°C), moist nights","Pustules increase on upper canopy, reducing photosynthesis",Peak leaf area during VT increases impact of rust,"Use resistant varieties, consider fungicide if threshold exceeded","Spore trap data, humidity spikes, NDVI reduction on upper leaves",2,2,2,2,2,2,2,2,2,2,2,2,2,2,2,2,29,53
41,corn,tasseling,southern rust,Fungus (Puccinia polysora),"Hot (28–32°C), humid, cloudy",Orange raised pustules on upper leaf surfaces,Southern rust cycles rapidly during VT → ear leaf damage,"Immediate fungicide if detected, hybrid resistance","Hot–humid weather alerts, rapid pustule increase",3,3,3,3,3,3,3,3,3,3,3,3,3,3,3,2,29,198
42,corn,tasseling,anthracnose leaf blight,Fungus,Warm humid climate,"Dark lesions on top leaves, possible stalk surface infection",Tasseling creates microclimate for infection inside canopy,"Remove residues, resistant hybrids, balanced fertilization","Humidity >90%, rainfall, canopy temperature variability",3,3,3,3,3,3,3,3,2,2,2,2,2,2,2,2,29,12
43,corn,tasseling,tar spot,Fungus (Phyllachora maydis),"Cool–humid, prolonged leaf wetness","Black raised stromata on leaves, rapid blighting",VT–R2 is the highest risk window for tar spot outbreaks,"Fungicide (VT timing), residue management","Leaf wetness >10 hrs, tar spot advisories, canopy infection hotspots",4,4,4,4,4,4,4,4,4,4,4,4,4,4,4,2,29,223
44,corn,tasseling,corn smut,Fungus (Ustilago maydis),"Warm (25–30°C), mechanical injury, dry–wet alternation","Galls may appear on tassels, ears, or stalk nodes",Rapid tissue elongation during VT makes infection easier,"Avoid field injury, use resistant hybrids","Field injury events, NDVI anomalies in tassel zone",3,3,3,3,3,3,3,3,4,4,4,4,2,2,2,2,29,70
45,corn,tasseling,maize dwarf mosaic virus,Virus,"Warm climate, aphid activity",Mosaic and mottling on upper canopy leaves,VT coincides with high aphid movement,"Control aphids, remove grassy weeds","Aphid count per leaf, weather patterns favoring vectors",2,2,2,2,2,2,2,2,2,2,2,2,2,2,2,2,29,130
46,corn,tasseling,corn earworm (pre-silking feeding),Pest,"Warm, dry nights",Feeding on tassels and upper leaves,Moths arrive at VT before silks emerge,"Pheromone traps, timely insecticide","Moth trap counts, rising nighttime temps",3,3,3,3,3,3,3,3,4,4,4,4,2,2,2,2,29,63
47,corn,tasseling,fall armyworm,Pest,"Humid, cloudy, warm","Ragged feeding on tassels, frass inside whorls",Transition from vegetative to reproductive stage exposes new tissue,"FAW pheromone traps, recommended insecticides","FAW trap pressure, cloudy warm weather",3,3,3,3,3,3,3,3,2,2,2,2,2,2,2,2,29,87
48,corn,tasseling,corn leaf aphid,Pest,"Hot, dry conditions","Heavy colonies on tassels, honeydew on leaves",Tassels attract aphids due to exposed tender tissue,"Use natural predators, neem, insecticidal soaps","Aphid count, honeydew reflectance on NDVI",3,3,3,3,3,3,3,3,4,4,4,4,3,3,3,2,29,65
49,corn,tasseling,stalk rot (early infection),Fungus/Bacteria,Warm wet soils following drought stress,Slight wilting/blight in upper canopy,VT stress predisposes plants to later stalk rot,"Avoid drought stress, balanced N and K","Soil moisture dips then spikes, early wilting patches",3,3,3,3,3,3,3,3,4,4,4,4,2,2,2,2,29,205
50,corn,silking (r1),common rust (puccinia sorghi),Fungus,"Moderate temperatures (16–25°C), high humidity, leaf wetness",Small cinnamon-brown pustules on upper leaves; rapid spread during silking,"Silks and upper canopy stay moist, enabling spore germination","Plant resistant hybrids, maintain spacing, avoid overhead irrigation","Sudden NDVI decline in upper canopy, RH > 70%, prolonged leaf wetness",4,4,4,4,4,4,4,4,4,4,4,4,4,4,4,2,26,54
51,corn,silking (r1),northern corn leaf blight (nclb) (exserohilum turcicum),Fungus,"Cool–moderate temps (18–27°C), high humidity, cloudy weather",Gray-green elliptical lesions that expand during silking,Silking keeps canopy closed → high humidity trapping,"Resistant hybrids, crop rotation, timely fungicide near R1","NDVI striping, humidity > 90%, >10 hours leaf wetness",4,4,4,4,4,4,4,4,4,4,4,4,4,4,4,2,26,143
52,corn,silking (r1),southern corn leaf blight (sclb) (bipolaris maydis),Fungus,"Warm (24–32°C), humid spells","Tan, elongated lesions with dark margins; rapid expansion","Silks attract moisture, warm humid period boosts fungal sporulation","Resistant hybrids, balanced nitrogen, remove infected debris","Rapid NDVI fall in lower/mid canopy, leaf wetness > 8 hrs",3,3,3,3,3,3,3,3,2,2,2,2,2,2,2,2,26,197
53,corn,silking (r1),gray leaf spot (cercospora zeae-maydis),Fungus,"High humidity, warm temps (25–30°C), stagnant air",Rectangular narrow lesions parallel to veins,Dense canopy during silking creates a favorable microclimate,"Avoid dense planting, improve airflow, preventive fungicide","Humidity spikes > 90%, slow NDVI drop along leaf veins",4,4,4,4,4,4,4,4,4,4,4,4,4,4,4,2,26,115
54,corn,silking (r1),anthracnose leaf blight (colletotrichum graminicola),Fungus,"Warm wet weather, frequent rains",Water-soaked spots turning tan with dark borders,R1 stage has high nutrient flow to ears → tissue stress,"Rotate crops, maintain potassium, apply fungicide if severe",NDVI reduction in lower canopy; soil moisture > 60%,2,2,2,2,2,2,2,2,2,2,2,2,2,2,2,2,26,13
55,corn,silking (r1),fusarium ear rot (fusarium verticillioides),Fungus,Warm dry–humid alternating conditions,Silks may show early pink/white mold near entry point,Silks are exposed pathways for fungal spores,"Timely silking irrigation, avoid insect injury, clean seeds","Weather oscillation dry↔humid, insect bite count on silks",3,3,3,3,3,3,3,3,4,4,4,4,2,2,2,2,26,95
56,corn,silking (r1),aspergillus ear rot (aspergillus flavus),Fungus,"Hot (>30°C), dry stress before and during silking",Yellow-green powdery mold at silk channel,High heat + drought weakens silks allowing infection,"Avoid drought stress, maintain irrigation, crop residue management","High canopy temperature from thermal imaging, soil moisture < 20%",3,3,3,3,3,3,3,3,4,4,4,4,3,3,3,2,26,27
57,corn,silking (r1),corn smut (ustilago maydis),Fungus,"Warm (20–30°C), wounds, high nitrogen",Small galls forming on silks or ear shoots,Silking wounds and rapid growth make tissues susceptible,"Balanced N fertilizer, avoid mechanical injury","Sudden swelling on tissues, pest damage count",2,2,2,2,2,2,2,2,2,2,2,2,2,2,2,2,26,72
58,corn,silking (r1),stewart’s wilt (pantoea stewartii),Bacteria,"Warm winters, warm humid summers; high flea beetle activity",Water-soaked lesions turning pale yellow; streaks along veins,Silks attract flea beetles which transmit bacteria,"Manage flea beetles, resistant hybrids, avoid early stress","Beetle trap counts, humid warm spells, NDVI streaks",3,3,3,3,3,3,3,3,2,2,2,2,2,2,2,2,26,214
59,corn,silking (r1),corn earworm infestation (helicoverpa zea),Pest,"Warm weather, high night temperatures","Chewed silks, frass at tips, poor kernel fill",Silking is prime feeding site for larvae,"Timely insecticide spray, pheromone traps, avoid late planting","Pheromone trap count > threshold, silk clipping rate",2,2,2,2,2,2,2,2,2,2,2,2,2,2,2,2,26,64
60,corn,silking (r1),root-knot nematodes (meloidogyne spp.),Nematode,"Warm soils > 25°C, sandy soils","Stunted plants, poor ear fill visible later; early subtle yellowing",High nutrient demand at silking stresses roots,"Nematicides, crop rotation, organic matter improvement","Soil moisture anomalies, stunted NDVI patches",2,2,2,2,2,2,2,2,2,2,2,2,2,2,2,2,26,175
61,corn,flowering,common rust (puccinia sorghi),Fungus,"Cool–moderate temps (16–25°C), high humidity, leaf wetness","Brown to orange pustules on leaves, rapid spread during flowering","Flowering keeps canopy humid, aiding spore germination","Resistant hybrids, proper spacing, avoid overhead irrigation","NDVI decline in upper canopy, RH > 70%, extended leaf wetness",4,4,4,4,4,4,4,4,4,4,4,4,4,4,4,2,8,54
62,corn,flowering,northern corn leaf blight (nclb) (exserohilum turcicum),Fungus,"Cool–moderate temps (18–27°C), cloudy and humid",Long gray-green lesions that spread quickly,Dense canopy at flowering traps humidity,"Use resistant varieties, crop rotation, fungicide near R1","Humidity > 90%, >10 hrs leaf wetness, NDVI striping",3,3,3,3,3,3,3,3,2,2,2,2,2,2,2,2,8,143
63,corn,flowering,southern corn leaf blight (sclb) (bipolaris maydis),Fungus,"Warm (24–32°C), humid spells","Tan, elongated lesions, dark borders",Nutrient stress + moisture increase risk at flowering,"Balanced nitrogen, remove residue, resistant hybrids","NDVI fall mid-canopy, leaf wetness > 8 hrs",3,3,3,3,3,3,3,3,2,2,2,2,2,2,2,2,8,197
64,corn,flowering,gray leaf spot (cercospora zeae-maydis),Fungus,"Warm (25–30°C), high humidity, low airflow",Narrow rectangular lesions aligned with veins,Flowering forms a dense canopy → ideal microclimate,"Increase airflow, avoid dense planting, apply fungicide if needed","RH > 90%, lesion expansion along veins, satellite humidity spikes",4,4,4,4,4,4,4,4,4,4,4,4,4,4,4,2,8,115
65,corn,flowering,anthracnose leaf blight (colletotrichum graminicola),Fungus,"Warm wet weather, frequent rains",Water-soaked spots turning brown/black,High carbohydrate movement makes leaves sensitive,"Maintain potassium, rotate crops, fungicide if severe","Lower-canopy NDVI decrease, soil moisture > 60%",2,2,2,2,2,2,2,2,2,2,2,2,2,2,2,2,8,13
66,corn,flowering,fusarium ear rot (fusarium verticillioides),Fungus,Alternating dry–humid cycles,Early infection through silks; white to pink fungal growth,Flower silks are open infection pathways,"Maintain irrigation, control insects, clean seed","High temp–humidity oscillation, insect silk damage",3,3,3,3,3,3,3,3,4,4,4,4,3,3,3,2,8,95
67,corn,flowering,aspergillus ear rot (aspergillus flavus),Fungus,"Hot (>30°C), drought stress",Yellow-green powder near silk entry,Heat + drought weaken silk defenses,"Adequate irrigation, residue management","Thermal stress maps, soil moisture < 20%",3,3,3,3,3,3,3,3,4,4,4,4,3,3,3,2,8,27
68,corn,flowering,corn smut (ustilago maydis),Fungus,"Warm (20–30°C), high N, wounded tissue","Initial small galls on ears, tassels, silks",Manually tender tissues easily infected,"Avoid mechanical injury, balanced N","Swellings on tissues, pest injury count",2,2,2,2,2,2,2,2,2,2,2,2,2,2,2,2,8,72
69,corn,flowering,stewart’s wilt (pantoea stewartii),Bacteria,Warm humid summer with high flea beetle population,"Pale green streaks on leaves, wilting in severe cases",Insect vectors peak during flowering,"Flea beetle control, resistant hybrids","Beetle trap counts, NDVI streaking",3,3,3,3,3,3,3,3,2,2,2,2,2,2,2,2,8,214
70,corn,flowering,corn earworm (helicoverpa zea),Pest,"Warm nights, high temperatures","Silk clipping, frass, entry holes",Silks are prime feeding site,"Pheromone traps, timely insecticide","Trap count > threshold, silk damage %",2,2,2,2,2,2,2,2,2,2,2,2,2,2,2,2,8,61
71,corn,flowering,root-knot nematodes (meloidogyne spp.),Nematode,"Warm soil > 25°C, sandy soils","Early yellowing, uneven growth (poor ear fill later)",High nutrient demand stresses weak roots,"Crop rotation, nematicides, organic matter","NDVI patchiness, soil moisture irregularities",2,2,2,2,2,2,2,2,2,2,2,2,2,2,2,2,8,175
72,corn,blister (r2),fusarium ear rot (fusarium verticillioides),Fungus,"Warm (25–30°C), high humidity followed by dry spells",White to pink fungal growth at the tip; kernels appear water-soaked,"Blister kernels have soft pericarp, easy fungal entry","Maintain irrigation, prevent insect damage, clean seed","Alternating humid–dry cycles, insect silk damage, NDVI dip at ear zone",4,4,4,4,4,4,4,4,4,4,4,4,4,4,4,2,0,95
73,corn,blister (r2),aspergillus ear rot (aspergillus flavus),Fungus,"Hot (>32°C), drought stress",Yellow-green mold at the tip; shriveled blister kernels,High heat causes kernel shrinkage → weak defense,"Reduce drought stress, timely irrigation","Thermal hotspots, soil moisture < 25%, canopy temp rise",3,3,3,3,3,3,3,3,4,4,4,4,3,3,3,2,0,27
74,corn,blister (r2),diplodia ear rot (stenocarpella maydis),Fungus,Cool–wet weather during/after flowering,White mold between kernels; husk turning brown,"R2 kernels have high moisture, ideal for mold growth","Avoid residue buildup, rotate crops, fungicide if needed","High humidity > 90%, NDVI decline on ear zone",2,2,2,2,2,2,2,2,2,2,2,2,2,2,2,2,0,83
75,corn,blister (r2),gibberella ear rot (fusarium graminearum),Fungus,"Cool (15–20°C), wet weather",Pink–red mold near ear tip; kernels appear pale,High moisture inside husk favors colonization,"Resistant hybrids, proper drainage, fungicide at R1","Wet weather > 48 hrs, humidity spikes, NDVI discoloration",2,2,2,2,2,2,2,2,2,2,2,2,2,2,2,2,0,110
76,corn,blister (r2),common rust (puccinia sorghi),Fungus,"Cool–moderate temps, humid",Orange-brown pustules worsening from R1 → R2,"Canopy still humid, allowing spore explosion","Resistant varieties, spacing for airflow","Leaf wetness > 10 hrs, RH > 70%",3,3,3,3,3,3,3,3,2,2,2,2,2,2,2,2,0,54
77,corn,blister (r2),gray leaf spot (cercospora zeae-maydis),Fungus,"High humidity, warm temps",Lesions expand toward ear leaf; photosynthesis reduction,Ear leaf is critical at R2 → yields impacted,"Fungicide at VT–R1, maintain airflow","NDVI decline along veins, humidity > 90%",4,4,4,4,4,4,4,4,4,4,4,4,4,4,4,2,0,115
78,corn,blister (r2),northern corn leaf blight (nclb),Fungus,"Humid, cool–moderate weather",Long tan lesions; rapid expansion,R2 leaf area crucial → infection reduces grain fill,"Resistant hybrids, fungicide if severe",Leaf-wetness duration > 10 hrs,3,3,3,3,3,3,3,3,2,2,2,2,2,2,2,2,0,142
79,corn,blister (r2),southern corn leaf blight (sclb),Fungus,"Warm (24–32°C), humid",Tan lesions expand toward ear leaf,Ear leaf stress greatly affects kernel fill,"Balanced N, residue removal","NDVI dip mid-plant, humidity spikes",3,3,3,3,3,3,3,3,2,2,2,2,2,2,2,2,0,196
80,corn,blister (r2),corn earworm (helicoverpa zea),Pest,"Hot, humid nights",Feeding on blister kernels; frass inside husk,Soft R2 kernels easy for larvae to chew,"Pheromone traps, insecticide threshold action","Trap count > threshold, visible ear tip damage",3,3,3,3,3,3,3,3,3,3,3,3,3,3,3,2,0,61
81,corn,blister (r2),fall armyworm (spodoptera frugiperda),Pest,"Warm, humid","Boreholes in husk, chewed kernels",Husks not yet tough at R2 → easy entry,"Early scouting, insecticide if needed","Larval count per ear, leaf tearing near ear",3,3,3,3,3,3,3,3,2,2,2,2,2,2,2,2,0,89
82,corn,blister (r2),root-knot nematodes (meloidogyne spp.),Nematode,Warm soil > 25°C,"Stunting, poor ear fill as R2 progresses",High nutrient flow required → stressed roots show symptoms,"Crop rotation, organic amendments","NDVI patchiness, soil moisture anomalies",2,2,2,2,2,2,2,2,2,2,2,2,2,2,2,2,0,175
83,corn,milk (r3),northern corn leaf blight (nclb),Fungus (Exserohilum turcicum),"High humidity (>90%), leaf wetness, 18–27°C","Long, cigar-shaped grey lesions expanding rapidly",Dense canopy retains moisture; leaves are still photosynthesizing heavily,"Resistant hybrids, early fungicide spray, avoid overhead irrigation","NDVI drop in upper canopy, rising humidity, increased leaf wetness duration",4,4,4,4,4,4,4,4,4,4,4,4,4,4,4,2,15,142
84,corn,milk (r3),southern rust,Fungus (Puccinia polysora),"Warm & humid (25–30°C), frequent rainfall",Orange pustules on upper leaf surface; rapid spread,Spores spread fast during warm rains; milk stage is critical for grain fill,"Timely fungicide, resistant varieties","Temperature–humidity spikes, NDVI decline on top leaves, spore count if traps used",3,3,3,3,3,3,3,3,2,2,2,2,2,2,2,2,15,198
85,corn,milk (r3),gray leaf spot,Fungus (Cercospora zeae-maydis),"High humidity, 20–30°C, long dew periods",Narrow rectangular lesions; yellow halo,Milk stage has maximum leaf area → loss impacts grain fill,"Crop rotation, residue management, fungicide","Leaf wetness > 10 hours, NDVI anomalies, canopy humidity",4,4,4,4,4,4,4,4,4,4,4,4,4,4,4,2,15,114
86,corn,milk (r3),anthracnose leaf blight / stalk rot,Fungus (Colletotrichum graminicola),Warm wet weather; soil moisture stress later,Top leaves show brown lesions; stalk becomes weak,R3–R4 stage stresses stalk; fungus moves from leaves to stalk,"Balanced fertilizer, avoid plant stress, fungicide at VT–R1","Lodging risk, stalk softness, NDVI patchy decline",2,2,2,2,2,2,2,2,2,2,2,2,2,2,2,2,15,14
87,corn,milk (r3),fusarium ear rot,Fungus (Fusarium verticillioides),"Warm, dry weather during silking then wet conditions",White/pink mold on kernels; scattered infection,Infection occurs through silks which remain susceptible into R3,"Harvest at proper moisture, control insects, resistant hybrids","Kernel moisture, temperature fluctuations, ear rot patches",3,3,3,3,3,3,3,3,4,4,4,4,2,2,2,2,15,93
88,corn,milk (r3),aspergillus ear rot (aflatoxin),Fungus (Aspergillus flavus),"Hot (>32°C), dry stress",Green-yellow powdery mold on kernels,Drought stress and high temps at R3 increase aflatoxin risk,"Irrigation, reduce plant stress, early harvest","Heatwaves, soil moisture drop, canopy temperature rise",3,3,3,3,3,3,3,3,4,4,4,4,3,3,3,2,15,26
89,corn,milk (r3),corn borers (2nd generation),Pest (Insect),"Warm nights, moderate humidity","Holes in stalk, feeding on shank; ear droppage risk",Pest pressure peaks at R3; soft shank tissue allows entry,"Bt hybrids, pheromone traps, insecticide if threshold crossed","Pest count, pheromone trap captures, leaf damage",3,3,3,3,3,3,3,3,2,2,2,2,2,2,2,2,15,60
90,corn,milk (r3),fall armyworm,Pest (Insect),"Warm, humid; cloudy weather","Window-pane feeding on leaves, feeding on developing ears",R3 kernels attract larvae; high damage to husks,"Pheromone traps, insecticides, biological control","Caterpillar count, trap catches, NDVI edge damage",3,3,3,3,3,3,3,3,2,2,2,2,2,2,2,2,15,87
91,corn,milk (r3),stewart’s wilt,Bacteria (Pantoea stewartii),"Warm winters + spring, beetle activity","Leaf streaks, wilt in susceptible hybrids",Leaf whorl still active; infection persists,"Control beetle vector (flea beetle), resistant hybrids","Beetle population, temperature patterns",2,2,2,2,2,2,2,2,2,2,2,2,2,2,2,2,15,211
92,corn,milk (r3),maize dwarf mosaic virus (mdmv),Virus,"Warm weather, presence of aphids","Mosaic patterns, yellow streaks",Aphid pressure remains high during warm R3 conditions,"Aphid control, resistant varieties","Aphid count, NDVI mosaic pattern",2,2,2,2,2,2,2,2,2,2,2,2,2,2,2,2,15,131
93,corn,dough (r4),fusarium ear rot,Fungus (Fusarium verticillioides),Warm–dry conditions followed by humidity,"White to pink fungal growth on kernels, scattered infection",Kernels soft at R4; fungi easily colonize stressed or insect-damaged ears,"Control insects, harvest timely, use resistant hybrids","Kernel moisture, heat stress, NDVI decline near ear zone",3,3,3,3,3,3,3,3,4,4,4,4,2,2,2,2,5,93
94,corn,dough (r4),gibberella ear rot,Fungus (Fusarium graminearum),Cool–wet weather during grain fill,Pinkish-red mold starting at ear tip,Silks remain partially open; cool humid microclimate favors infection,"Crop rotation, fungicide at silking, resistant hybrids","Ear-tip moisture, humidity >90%, rainfall patterns",2,2,2,2,2,2,2,2,2,2,2,2,2,2,2,2,5,109
95,corn,dough (r4),aspergillus ear rot (aflatoxin),Fungus (Aspergillus flavus),"Hot (>32°C), drought, low humidity",Green-yellow powdery mold on kernels,Drought-stress at R4 increases aflatoxin production,"Irrigation, reduce stress, timely harvest","Canopy temperature rise, soil moisture drop",3,3,3,3,3,3,3,3,4,4,4,4,3,3,3,2,5,26
96,corn,dough (r4),diplodia ear rot,Fungus (Stenocarpella maydis),"Wet, humid conditions; continuous rains",White mold starting at base of ear; kernels appear dull,R4 ears retain moisture inside husk → ideal fungal growth,"Fungicide at VT–R1, residue management","High humidity inside husk, NDVI drop in patches",3,3,3,3,3,3,3,3,4,4,4,4,4,4,4,2,5,82
97,corn,dough (r4),anthracnose stalk rot,Fungus (Colletotrichum graminicola),"Warm, wet → then dry stress","Premature plant senescence, stalk softness, lodging",R4 demands high nutrients; stress weakens stalk giving pathogen entry,"Balanced fertilizer, irrigation scheduling","Lodging risk, NDVI decline in lower canopy",3,3,3,3,3,3,3,3,4,4,4,4,2,2,2,2,5,15
98,corn,dough (r4),charcoal rot,Fungus (Macrophomina phaseolina),"Hot, dry conditions",Gray-black microsclerotia inside stalk; premature drying,Drought during R4 increases root and stalk stress,"Irrigate, avoid overplanting, improve soil organic matter","Soil moisture < 20%, canopy temperature spikes",3,3,3,3,3,3,3,3,4,4,4,4,3,3,3,2,5,48
99,corn,dough (r4),southern rust,Fungus,"Warm, humid (25–30°C), rains",Orange pustules on upper leaf surfaces,Heavy canopy still critical for grain fill; rust reduces photosynthesis,"Resistant hybrids, fungicide","Humidity rise, warm nights, NDVI top-leaf decline",3,3,3,3,3,3,3,3,2,2,2,2,2,2,2,2,5,198
100,corn,dough (r4),corn leaf aphid → secondary sooty mold,Pest (Aphid) + Fungal complex,"Humid, warm weather","Honeydew on leaves, black sooty mold growth",R4 sap-rich leaves attract aphids; mold grows on honeydew,"Aphid control, biocontrol insects","Aphid count, leaf stickiness, NDVI mottling",3,3,3,3,3,3,3,3,2,2,2,2,2,2,2,2,5,68
101,corn,dough (r4),fall armyworm (late feeding),Pest (Larvae),"Warm, humid, cloudy","Feeding on husk and kernels, frass at ear",Larvae prefer soft kernels at R4,"Pheromone traps, insecticide if threshold exceeded","Trap captures, caterpillar count, kernel damage",3,3,3,3,3,3,3,3,2,2,2,2,2,2,2,2,5,88
102,corn,dough (r4),corn borer (2nd generation),Pest,"Warm nights, moderate humidity","Shank feeding → ear droppage, tunneling",Shank soft at R4; easy entry for larvae,"Bt hybrids, insecticide","Pheromone trap count, stalk weakness",3,3,3,3,3,3,3,3,2,2,2,2,2,2,2,2,5,58
103,corn,dough (r4),maize dwarf mosaic virus (mdmv),Virus,Warm temperature + aphids,"Mosaic, yellow streaks on leaves",Aphid activity peaks in warm R4 weather,"Resistant hybrids, vector control","Aphid pressure, NDVI mosaic pattern",2,2,2,2,2,2,2,2,2,2,2,2,2,2,2,2,5,131
104,corn,dent (r5),fusarium ear rot,Fungus (Fusarium verticillioides),Warm → dry periods followed by humidity,White to pink fungal growth between kernels,R5 kernels still soft; insect damage allows fungal entry,"Control ear-feeding insects, timely harvest","Kernel moisture, heat stress, NDVI decline around ear",3,3,3,3,3,3,3,3,4,4,4,4,2,2,2,2,4,93
105,corn,dent (r5),gibberella ear rot,Fungus (Fusarium graminearum),"Cool, wet, humid weather",Pinkish-red mold at ear tip extending downward,Tight husk traps moisture around kernels,"Fungicide at VT–R1, rotation, residue management","Humidity >90%, prolonged rainfall, ear tip mold",3,3,3,3,3,3,3,3,2,2,2,2,2,2,2,2,4,109
106,corn,dent (r5),diplodia ear rot,Fungus (Stenocarpella maydis),"Continuous rains or dew, high humidity",White mold on kernels starting at ear base,Ear physiology traps moisture; ideal for Diplodia spread,"Fungicide timing, residue reduction","Canopy humidity, NDVI small patch declines",3,3,3,3,3,3,3,3,4,4,4,4,4,4,4,2,4,82
107,corn,dent (r5),aspergillus ear rot (aflatoxin),Fungus,"High heat (>32°C), drought",Yellow-green powdery mold,Heat and moisture stress during late grain fill increases aflatoxin risk,"Irrigation scheduling, reduce plant stress","Canopy temperature spikes, soil moisture drop",3,3,3,3,3,3,3,3,4,4,4,4,3,3,3,2,4,26
108,corn,dent (r5),anthracnose stalk rot,Fungus,"Warm, wet → followed by dry stress","Lower stalk hollowing, black streaking",R5 is high-stress stage → stalk weakens as nutrients move to grain,"Balanced nutrition, irrigation, hybrid resistance","Stalk strength tests, NDVI decline near lower stem",3,3,3,3,3,3,3,3,4,4,4,4,2,2,2,2,4,15
109,corn,dent (r5),charcoal rot,Fungus (Macrophomina),"Hot, dry weather",Premature plant drying; black microsclerotia,Drought at R5 reduces plant carbohydrates → stalk more susceptible,"Irrigate, avoid overplanting","Soil moisture below 20%, canopy heat",3,3,3,3,3,3,3,3,4,4,4,4,3,3,3,2,4,48
110,corn,dent (r5),southern rust,Fungus (Puccinia polysora),"Warm (25–30°C), humid, rainy",Orange pustules; rapid leaf blighting,R5 leaves still critical for kernel fill; rust reduces grain weight,"Fungicide if severe, resistant hybrids","Humidity rise, warm nights, NDVI drop in upper leaves",3,3,3,3,3,3,3,3,2,2,2,2,2,2,2,2,4,198
111,corn,dent (r5),common rust,Fungus,Moderate temps + dew,Brown-red pustules across leaves,Late-season infections still reduce photosynthesis,"Resistant hybrids, timely fungicide","Leaf moisture, dew duration",2,2,2,2,2,2,2,2,2,2,2,2,2,2,2,2,4,53
112,corn,dent (r5),corn borer (late generation),Pest,"Warm nights, moderate humidity",Shank tunneling → ear droppage,Shank tissue soft at R5 → easy feeding,"Bt hybrids, insecticide if threshold reached","Pheromone trap counts, shank damage",3,3,3,3,3,3,3,3,2,2,2,2,2,2,2,2,4,59
113,corn,dent (r5),fall armyworm,Pest,"Warm, humid, cloudy",Feeding on husk and mature kernels,Larvae prefer dent-stage kernels,"Traps, biological control, insecticide","Caterpillar count, NDVI localized injury",3,3,3,3,3,3,3,3,2,2,2,2,2,2,2,2,4,87
114,corn,dent (r5),corn leaf aphid (late season),Pest,Warm humid,"Sticky honeydew, sooty mold",Aphids feed on stressed plants late-season,"Biocontrol insects, aphid sprays","Aphid count, leaf glossiness, NDVI mottling",3,3,3,3,3,3,3,3,2,2,2,2,2,2,2,2,4,66
115,corn,dent (r5),maize dwarf mosaic virus (mdmv),Virus,Warm weather + aphid activity,"Yellow mosaic, streaking",Late infections still reduce kernel fill,"Control aphids, resistant varieties","Aphid pressure, NDVI mosaic pattern",2,2,2,2,2,2,2,2,2,2,2,2,2,2,2,2,4,131
116,corn,grain filling,fusarium ear rot (fusarium verticillioides),Fungus,"Warm (25–32°C), alternating humid–dry cycles","White–pink mold in kernels, shriveling during fill",Grain-filling kernels are high-moisture → ideal fungal colonization,"Prevent drought stress, control insects, rotate crops","Alternating dry↔humid cycles, NDVI drop at ear zone, insect silk/ear damage",3,3,3,3,3,3,3,3,4,4,4,4,2,2,2,2,11,95
117,corn,grain filling,gibberella ear rot (fusarium graminearum),Fungus,Cool (15–20°C) and wet conditions,Pink–red mold spreading from tip; poor kernel fill,Husk retains moisture in early grain fill,"Good drainage, fungicide at VT–R1 earlier, rotation","High humidity > 90%, >48 hrs leaf/ear wetness",2,2,2,2,2,2,2,2,2,2,2,2,2,2,2,2,11,110
118,corn,grain filling,diplodia ear rot (stenocarpella maydis),Fungus,"Cool, wet post-silking weather","White mold between kernels, husks turning brown",Ear moisture remains high at early grain fill,"Remove residue, rotate crops, hybrid resistance",NDVI drop at ear leaf; humidity spikes,2,2,2,2,2,2,2,2,2,2,2,2,2,2,2,2,11,83
119,corn,grain filling,aspergillus ear rot (aspergillus flavus),Fungus,"Hot (>30°C), drought stress",Yellow-green mold on kernels; shriveled grain,Heat stress weakens kernel defense during filling,"Maintain irrigation, hybrid choice, avoid moisture stress","Thermal hotspots, soil moisture < 25%, canopy temp rise",3,3,3,3,3,3,3,3,4,4,4,4,3,3,3,2,11,27
120,corn,grain filling,common rust (puccinia sorghi),Fungus,Moderate temps + humidity,Heavy pustules reduce photosynthesis → kernel shrinkage,Grain fill depends on leaf health; rust reduces source strength,"Resistant hybrids, timely fungicide (VT–R1)","NDVI decline in upper canopy, RH > 70%",3,3,3,3,3,3,3,3,2,2,2,2,2,2,2,2,11,54
121,corn,grain filling,gray leaf spot (cercospora zeae-maydis),Fungus,"Warm, very humid, cloudy",Rectangular lesions increase; severe reduction in ear-leaf photosynthesis,Ear leaf is primary energy source at grain fill,"Earlier fungicide (VT–R1), reduce canopy humidity","Humidity > 90%, lesion spread along veins",3,3,3,3,3,3,3,3,2,2,2,2,2,2,2,2,11,115
122,corn,grain filling,northern corn leaf blight (nclb),Fungus,"Cool–moderate temps, leaf wetness",Long lesions expanding rapidly during R3–R4,Grain fill heavily dependent on healthy leaf area,"Resistant varieties, scouting, fungicide if severe","Leaf-wetness > 10 hrs, NDVI striping",4,4,4,4,4,4,4,4,4,4,4,4,4,4,4,2,11,142
123,corn,grain filling,stalk rot (gibberella & fusarium),Fungus,"Warm, wet early season → dry late season","Premature plant death, rotting at stalk base",High carbohydrate demand → stalks weaken,"Potassium management, irrigation, avoid stress","Lodging rate, stalk push test fails, NDVI collapse late-season",3,3,3,3,3,3,3,3,4,4,4,4,2,2,2,2,11,207
124,corn,grain filling,anthracnose stalk rot (colletotrichum graminicola),Fungus,"Warm, humid",Shiny black discoloration on stalk; top dieback,Grain filling pulls sugars from stalk → weakened defenses,"Balanced fertility, rotation, residue control",Satellite dryness + NDVI drop; stem softness,3,3,3,3,3,3,3,3,2,2,2,2,2,2,2,2,11,16
125,corn,grain filling,corn earworm (helicoverpa zea),Pest,"Warm nights, high humidity","Kernel feeding holes, frass, poor fill",R3 kernels still soft → ideal for chewing,"Pheromone traps, insecticide threshold","Trap count > threshold, ear tip chewing",4,4,4,4,4,4,4,4,4,4,4,4,4,4,4,2,11,61
126,corn,grain filling,fall armyworm (spodoptera frugiperda),Pest,"Warm, humid","Boreholes on husk, missing kernels",Husks at grain fill still penetrable,"Early detection, insecticide","Larval counts, leaf tearing near ear",3,3,3,3,3,3,3,3,2,2,2,2,2,2,2,2,11,89
127,corn,grain filling,root-knot nematodes (meloidogyne spp.),Nematode,Warm soils > 25°C,"Stunting, poor grain fill, uneven kernel development",High nutrient demand stresses infected roots,"Nematicides, crop rotation, organic matter","NDVI patchiness, soil moisture irregularities",2,2,2,2,2,2,2,2,2,2,2,2,2,2,2,2,11,175
128,corn,physiological maturity (r6),stalk rot (fusarium / gibberella),Fungus,Warm early season + late-season drought,"Stalk softening, shredding when pressed, lodging",Carbohydrates diverted to grain → stalk becomes weak,"Balanced K, reduce drought stress, hybrid resistance","Lodging %, stalk push test failures, NDVI collapse in late canopy",3,3,3,3,3,3,3,3,4,4,4,4,2,2,2,2,16,206
129,corn,physiological maturity (r6),anthracnose stalk rot (colletotrichum graminicola),Fungus,"Warm, humid",Black shiny discoloration on stalk; plant top dieback,Dead canopy + high N promotes fungal movement,"Residue management, potassium balance","NDVI drop in lower canopy, humidity > 85%",3,3,3,3,3,3,3,3,2,2,2,2,2,2,2,2,16,16
130,corn,physiological maturity (r6),diplodia ear rot (stenocarpella maydis),Fungus,"Cool, wet weather during late grain fill","White mold between kernels, husks prematurely browning",High ear moisture persists until R6,"Crop rotation, residue removal","Humidity spikes, NDVI decline on ear zone",2,2,2,2,2,2,2,2,2,2,2,2,2,2,2,2,16,83
131,corn,physiological maturity (r6),gibberella ear rot (fusarium graminearum),Fungus,"Cool, wet periods",Pink–red fungal growth near ear tip,Slow drying at R6 favors fungal survival,"Timely harvest, air movement, early fungicide (VT–R1)","RH > 90%, >48 hrs wetness, tip discoloration",2,2,2,2,2,2,2,2,2,2,2,2,2,2,2,2,16,110
132,corn,physiological maturity (r6),fusarium ear rot (f. verticillioides),Fungus,"Warm, alternating humid–dry",Chalky white–pink mold; lighter kernels,"R6 kernels still high moisture, slow dry-down","Control insects, irrigation scheduling","Dry-humid cycle patterns, NDVI tip discoloration",3,3,3,3,3,3,3,3,4,4,4,4,2,2,2,2,16,94
133,corn,physiological maturity (r6),aspergillus ear rot (a. flavus),Fungus,"Hot (>32°C), drought",Yellow-green mold; aflatoxin risk,Heat stress during drying accelerates infection,"Avoid drought stress, timely harvest","Thermal hotspots, soil moisture < 25%",3,3,3,3,3,3,3,3,4,4,4,4,3,3,3,2,16,25
134,corn,physiological maturity (r6),common rust (late-season) (puccinia sorghi),Fungus,"Cool–moderate, humid",Pustules persist causing delayed dry-down,Late rust reduces leaf dry-down → higher grain moisture,"Resistant varieties, fungicide earlier (VT–R1)","RH > 70%, late NDVI decline",3,3,3,3,3,3,3,3,2,2,2,2,2,2,2,2,16,55
135,corn,physiological maturity (r6),gray leaf spot (late lesions),Fungus,Warm + humid,Lesions dry but reduce stalk strength,Reduced photosynthesis → stalk rot increases,"Maintain airflow, rotate crops","High humidity patches, NDVI striping",3,3,3,3,3,3,3,3,2,2,2,2,2,2,2,2,16,117
136,corn,physiological maturity (r6),corn earworm (late damage),Pest,Warm nights,"Entry holes, missing kernels, secondary rot",R6 kernels still attractive to late larvae,"Pheromone traps, harvest on time","High trap counts, visible tip damage",2,2,2,2,2,2,2,2,2,2,2,2,2,2,2,2,16,62
137,corn,physiological maturity (r6),fall armyworm (late feeding),Pest,"Warm, humid","Minor kernel chewing, husk tearing",Weak husks at R6 allow late infestation,Threshold-based insecticide,"Larval count, NDVI tearing",3,3,3,3,3,3,3,3,2,2,2,2,2,2,2,2,16,90
138,corn,physiological maturity (r6),root-knot nematodes,Nematode,Warm soil > 25°C,"Late-season stunting, poor standability",Stressed roots → poor nutrient flow during dry-down,"Crop rotation, nematicides","Patchy NDVI zones, soil moisture inconsistencies",2,2,2,2,2,2,2,2,2,2,2,2,2,2,2,2,16,174
139,corn,harvest,fusarium ear rot,Fungus,"Warm (25–30°C), high humidity, rainfall during grain fill to harvest","Pinkish-white mold on kernels, lightweight shriveled grains",Mature ears with exposed husks are easily infected through silk and insect wounds,"Timely harvesting, use resistant hybrids, proper drying of grains, field sanitation","Increased humidity near harvest, ear damage from insects, drop in grain test weight",4,4,4,4,4,4,4,4,4,4,4,4,4,4,4,2,12,93
140,corn,harvest,gibberella ear rot,Fungus,Cool to moderate temperatures with continuous rainfall,"Reddish-pink mold starting from ear tip, toxin contamination risk",Prolonged moisture during maturity favors spore spread on ears,"Crop rotation, residue management, early harvesting","Wet weather pattern, persistent cloud cover, NDVI decline in ear zone",3,3,3,3,3,3,3,3,4,4,4,4,4,4,4,2,12,109
141,corn,harvest,aspergillus ear rot,Fungus,"Hot (>30°C), drought stress followed by humidity","Greenish-yellow powdery mold, aflatoxin risk",Drought-stressed plants are highly susceptible at grain maturity,"Irrigation management, resistant varieties, rapid post-harvest drying","High temperature spikes, low soil moisture then sudden humidity",3,3,3,3,3,3,3,3,4,4,4,4,3,3,3,2,12,24
142,corn,harvest,charcoal rot,Fungus,"Hot, dry soil conditions at maturity","Premature drying of plants, gray-black discoloration inside stalks",Water stress weakens plants at harvesting stage,"Adequate irrigation during late growth, balanced fertilization","Soil moisture below threshold, persistent heat waves",3,3,3,3,3,3,3,3,4,4,4,4,3,3,3,2,12,48
143,corn,harvest,bacterial stalk rot,Bacteria,Hot and wet weather with waterlogged soils,"Soft, foul-smelling stalks, plant lodging before harvest",High sugar accumulation weakens stalk tissues near harvest,"Proper drainage, avoid excess nitrogen, balanced potassium","High soil moisture, sudden plant lodging, humidity >85%",3,3,3,3,3,3,3,3,4,4,4,4,4,4,4,2,12,38
144,corn,harvest,corn smut (late infection),Fungus,Moderate temperature with intermittent rain,Large gray galls on ears and stalks visible at harvest,Soft tissues near maturity allow secondary infection,"Remove infected plants, deep plowing, resistant hybrids","Visible gall formation, localized NDVI drop",2,2,2,2,2,2,2,2,2,2,2,2,2,2,2,2,12,71
145,corn,harvest,stem borer (carry-over damage),Pest,"Warm temperatures, dry-to-moderate humidity","Broken stalks, poor grain filling, ear drop",Larval tunneling weakens stalks making harvest losses severe,"Timely pest control earlier, destruction of crop residues","High moth trap counts earlier, stalk lodging percentage",3,3,3,3,3,3,3,3,4,4,4,4,2,2,2,2,12,208
146,corn,harvest,root rot complex,Fungus,"Poorly drained soils, continuous cropping","Plants easily pulled out, root decay visible during harvest",Damaged roots reduce nutrient uptake till maturity,"Crop rotation, raised beds, seed treatment in next cycle","Waterlogging frequency, weak root anchorage",2,2,2,2,2,2,2,2,2,2,2,2,2,2,2,2,12,170
147,corn,post-harvest,aspergillus storage mold (aflatoxin),Fungus,"Hot (>30°C), grain moisture >13–14%, poor aeration","Greenish-yellow mold on kernels, musty smell, aflatoxin contamination",High moisture and warm temperature after harvest strongly favor toxin-producing fungi,"Dry grain below 12–13% moisture, proper aeration, clean storage bins","Grain moisture level, temperature inside storage, aflatoxin rapid test",4,4,4,4,4,4,4,4,4,4,4,4,4,4,4,2,19,29
148,corn,post-harvest,fusarium storage rot,Fungus,"Moderate temperature, high humidity in storage","White to pink fungal growth on grains, kernel shrinkage",Field-infected kernels continue infection during storage,"Proper drying, discard damaged kernels, sanitation of godowns","Visible mold patches, increase in broken grain %, humidity inside store",4,4,4,4,4,4,4,4,4,4,4,4,4,4,4,2,19,100
149,corn,post-harvest,penicillium blue mold,Fungus,"Cool to moderate temp, high moisture in storage","Blue-green mold on grain surface, heating of grain mass",Moist grain at storage encourages rapid fungal colonization,"Store only dry grain, regular turning of grain, fumigation if required","Hot spots in storage, rising CO₂ levels, grain temperature sensors",4,4,4,4,4,4,4,4,4,4,4,4,4,4,4,2,19,144
150,corn,post-harvest,bacterial soft rot (stored cobs),Bacteria,"High moisture, water condensation in storage","Soft, slimy decay with foul odor",Wet cobs after harvest allow bacterial multiplication,"Avoid storing wet cobs, sun-drying, hygienic handling","Condensation on storage walls, foul smell detection",4,4,4,4,4,4,4,4,4,4,4,4,4,4,4,2,19,37
151,corn,post-harvest,maize weevil,Pest,"Warm temperature (25–35°C), moderate humidity","Circular holes in kernels, powdery frass, weight loss",Dry stored grain is highly vulnerable to hidden infestations,"Phosphine fumigation, airtight storage, neem-based protectants","Insect trap counts, live insect detection per kg grain",3,3,3,3,3,3,3,3,2,2,2,2,2,2,2,2,19,132
152,corn,post-harvest,larger grain borer,Pest,"Hot, dry storage conditions","Extensive tunneling inside kernels, rapid grain destruction",Post-harvest stage provides uninterrupted food source,"Hermetic bags, regular fumigation, sealed godowns","Rapid rise in broken grain %, pest count per sample",4,4,4,4,4,4,4,4,4,4,4,4,4,4,4,2,19,126
153,corn,post-harvest,rice moth (angoumois grain moth),Pest,Warm and moderately humid storage,"Silk webbing on grains, hollow grains",Eggs laid on stored grain immediately after harvest,"Clean storage before filling, light traps, fumigation","Adult moth trap captures, webbing presence",4,4,4,4,4,4,4,4,4,4,4,4,4,4,4,2,19,167
154,corn,post-harvest,storage mites,Pest,High humidity >70% in storage,"Powdery residue, heating of grains, reduced market quality",Moist grain supports rapid mite multiplication,"Maintain low humidity, regular inspection, sanitation","Relative humidity inside store, fine dust accumulation",4,4,4,4,4,4,4,4,4,4,4,4,4,4,4,2,19,217
155,corn,post-harvest,mycotoxin contamination (general),Secondary Effect (Fungal),Prolonged storage with moisture and warmth,No visible symptom sometimes; detected in lab tests,Invisible toxin buildup despite clean-looking grain,"Periodic lab testing, strict moisture control","Mycotoxin test reports, prolonged high humidity trends",4,4,4,4,4,4,4,4,4,4,4,4,4,4,4,2,19,135
158,toor,seed treatment sowing,fusarium wilt,Fungus,"Warm to moderate soil temperatures (20-25°C), high soil moisture, poor drainage",No visible symptoms at seed stage; seeds may show slight discoloration if infected,Seeds are highly susceptible if contaminated; fungus survives in soil and seed coat,"Use fungicide-treated seeds, crop rotation with non-host crops, soil solarization","Seed viability tests, fungal spore counts in soil samples, choose pathogen-free seed lots",2,2,2,2,2,2,2,2,2,2,2,2,2,2,2,0,23,101
159,toor,seed treatment sowing,root rot,Fungus,"Cool, wet soils (15-20°C), high moisture, poor aeration","Seeds may rot before germination, soft seed decay",Seeds in prolonged contact with moist soil; fungal pathogens attack weak seeds,"Treated seeds, well-drained soil, avoid early sowing in cold wet soils","Soil moisture levels 60-70%, drainage assessment, seed germination tests",4,4,4,4,4,4,4,4,4,4,4,4,4,4,4,0,23,169
160,toor,seed treatment sowing,bacterial blight,Bacteria,"Warm to moderate temperatures (20-25°C), high humidity, wet conditions",No visible symptoms at seed stage; seeds may show slight water soaking if heavily infected,Bacterial pathogens can be seed-borne; survive on seed coat and in soil,"Use pathogen-free seeds, copper-based seed treatments, disinfect seed before sowing","Seed health certification, bacterial spore counts, chlorophyll leaching tests",4,4,4,4,4,4,4,4,4,4,4,4,4,4,4,0,23,30
161,toor,seed treatment sowing,nematode infestation,Nematode,"Warm, moist soils (22-28°C), sandy soils with organic matter",No symptoms visible at seed stage,Nematodes in soil can attack emerging roots causing stunting later,"Use nematode-free seeds, soil solarization, crop rotation, nematicide treatments","Soil nematode population counts, sandy soil assessment, seed origin verification",2,2,2,2,2,2,2,2,2,2,2,2,2,2,2,0,23,139
162,toor,germination emergence,fusarium wilt,Fungus,"Warm to moderate (20-25°C), high soil moisture","Slowed germination, seedling blight, root discoloration",Germinating seeds have weak defense; fungus attacks from soil,"Fungicide seed treatment, well-drained soil, avoid waterlogging","Soil temperature, seedling emergence rate, root discoloration checks, soil fungal counts",2,2,2,2,2,2,2,2,2,2,2,2,2,2,2,0,10,101
163,toor,germination emergence,dry root rot,Fungus,Warm soils (20-25°C) alternating with dry periods,"Poor emergence, seedling blight, brown root lesions","Fungus attacks young roots, alternating moisture stresses the plant","Treated seeds, proper drainage, balanced soil moisture, avoid drought stress","Emergence percentage, root browning assessment, soil moisture fluctuations",3,3,3,3,3,3,3,3,4,4,4,4,2,2,2,0,10,84
164,toor,germination emergence,phytophthora blight,Fungus,"Cool, wet soils (15-20°C), high humidity, waterlogged conditions","Damping-off, seedling collapse, water-soaked stems",Oomycete pathogen thrives in wet soil; seedlings have no disease resistance yet,"Improve soil drainage, avoid waterlogging, use fungicide seed treatment","Soil moisture monitoring, drainage assessment, seedling vigor tracking",3,3,3,3,3,3,3,3,4,4,4,4,4,4,4,0,10,146
165,toor,germination emergence,alternaria leaf spot,Fungus,"Warm, humid (20-25°C), high relative humidity (>80%)","Small tan to brown lesions on emerging leaves, stunting",Emerging seedling leaves are tender and susceptible to spore infection,"Use treated seeds, improve air circulation, avoid overhead irrigation","Leaf wetness duration, humidity levels, lesion counting",3,3,3,3,3,3,3,3,2,2,2,2,2,2,2,0,10,3
166,toor,seedling stage,fusarium wilt,Fungus,"Warm to moderate (18-25°C), moist soil","Wilting, stunting, brown discoloration near roots, seedling death",Fusarium vascular pathogen attacks weak seedling roots,"Fungicide treatment, resistant varieties, crop rotation","Root disease monitoring, wilting symptoms, soil fungal surveys",2,2,2,2,2,2,2,2,2,2,2,2,2,2,2,0,25,101
167,toor,seedling stage,phytophthora blight,Fungus,"Cool, wet (15-18°C), high humidity","Water-soaked lesions, seedling collapse, root rot",Waterlogged conditions favor oomycete spread on tender tissues,"Good drainage, avoid waterlogging, seed fungicide","Damping-off incidence, root assessment, soil saturation",4,4,4,4,4,4,4,4,4,4,4,4,4,4,4,0,25,146
168,toor,seedling stage,alternaria blight,Fungus,"Warm, humid (22-28°C), prolonged leaf wetness","Brown to black lesions on leaves, seedling blight, yellowing",Young leaves tender; high humidity promotes spore germination and spread,"Fungicide treatment, improve air circulation, remove infected plants","Leaf wetness duration, humidity spikes, lesion progression",4,4,4,4,4,4,4,4,4,4,4,4,4,4,4,0,25,1
169,toor,seedling stage,sterility mosaic disease,Virus,"Warm conditions (25-30°C), presence of thrips or aphids","Mottling, yellow patterns on young leaves, stunting",Viral transmission through insect vectors; seedlings cannot recover,"Use virus-free seeds, control vector insects, remove infected plants","Insect vector counts, mottling pattern detection, NDVI anomalies",2,2,2,2,2,2,2,2,2,2,2,2,2,2,2,0,25,210
170,toor,seedling stage,dry root rot,Fungus,"Warm soils (22-25°C), alternating dry-wet cycles","Poor seedling vigor, brown root lesions, stunting",Fungus attacks tender roots during stress periods,"Resistant varieties, maintain balanced moisture, avoid drought stress","Root browning, seedling vigor rating, soil moisture monitoring",3,3,3,3,3,3,3,3,4,4,4,4,2,2,2,0,25,84
171,toor,seedling stage,fusarium wilt,Fungus,"Moderate to warm (20-28°C), moist soils","Progressive wilting from bottom to top, yellowing, plant death",Vascular pathogen spreads through root system; plants cannot absorb water,"Crop rotation, resistant varieties, avoid waterlogging","Wilting progression, vascular discoloration, soil pathogen surveys",2,2,2,2,2,2,2,2,2,2,2,2,2,2,2,0,25,101
172,toor,vegetative growth,dry root rot,Fungus,"Warm (22-28°C), dry spells alternating with rains","Stunting, yellowing, premature senescence",Root infection reduces nutrient uptake during stress,"Resistant hybrids, proper irrigation, avoid drought","Root health monitoring, leaf yellowing tracking, plant vigor assessment",3,3,3,3,3,3,3,3,4,4,4,4,2,2,2,0,31,84
173,toor,vegetative growth,phytophthora blight,Fungus,"Cool, wet (15-20°C), high humidity, waterlogged","Water-soaked lesions on stems and leaves, blighting",Rapidly spreading oomycete in wet conditions; plant tissues still relatively tender,"Improve drainage, avoid waterlogging, apply fungicide","Soil saturation monitoring, canopy wetness duration, lesion spread rate",3,3,3,3,3,3,3,3,4,4,4,4,4,4,4,0,31,146
174,toor,vegetative growth,alternaria blight,Fungus,"Warm to hot (25-30°C), high humidity, prolonged leaf wetness",Brown to black lesions with concentric rings on leaves,Rapid leaf expansion increases disease susceptibility and spore contact,"Fungicide sprays, remove lower infected leaves, improve air flow","Leaf wetness tracking, humidity spikes, lesion severity monitoring",4,4,4,4,4,4,4,4,4,4,4,4,4,4,4,0,31,1
175,toor,vegetative growth,sterility mosaic disease,Virus,"Warm (25-32°C), high vector activity","Mottling, yellow streaks, leaf curl, stunting",Viral vectors active during warm vegetative growth; plants cannot recover,"Control vectors (thrips/aphids), use resistant varieties, remove infected plants","Vector population monitoring, mottling symptom tracking, NDVI anomalies",2,2,2,2,2,2,2,2,2,2,2,2,2,2,2,0,31,210
176,toor,vegetative growth,powdery mildew,Fungus,"Warm days, cool nights (18-24°C), low humidity, shaded canopy",White powdery coating on leaves and stems,Pathogen thrives in moderate temps with dry leaves but in canopy shade,"Improve plant spacing, increase air circulation, sulfur dusts","Canopy density assessment, powdery coating detection, humidity variation",3,3,3,3,3,3,3,3,2,2,2,2,2,2,2,0,31,155
177,toor,pre-flowering budding,fusarium wilt,Fungus,"Warm (22-28°C), moist soils","Wilting, vascular discoloration, leaf yellowing, plant death",Plant entering critical reproductive stage; vascular blockage cuts off water,"Resistant varieties, crop rotation, avoid waterlogging","Wilting symptoms, vascular browning in stems, soil pathogen counts",2,2,2,2,2,2,2,2,2,2,2,2,2,2,2,0,20,101
178,toor,pre-flowering budding,phytophthora blight,Fungus,"Cool, wet (15-20°C), high humidity, waterlogged soils",Water-soaked blighting of buds and flower stems,Oomycete rapidly destroys tender flower tissues in wet conditions,"Improve drainage, fungicide applications, remove infected tissues","Bud blight incidence, soil saturation level, lesion spread rate",3,3,3,3,3,3,3,3,4,4,4,4,4,4,4,0,20,146
179,toor,pre-flowering budding,powdery mildew,Fungus,"Warm days, cool nights (18-24°C), low humidity",White powdery coating on leaves and flower buds,Pathogen thrives on developing buds and flower parts in moderate conditions,"Improve spacing, sulfur dust applications, biological fungicides","Powdery coating detection, canopy air movement assessment",3,3,3,3,3,3,3,3,2,2,2,2,2,2,2,0,20,155
180,toor,pre-flowering budding,sterility mosaic disease,Virus,"Warm (25-30°C), high insect vector activity","Mottling on buds, leaf curl, flower distortion",Viral vectors transmit disease to reproductive tissues; flowers abort,"Vector control, resistant varieties, remove infected plants","Vector population, bud deformation assessment, NDVI patterns",2,2,2,2,2,2,2,2,2,2,2,2,2,2,2,0,20,210
181,toor,pre-flowering budding,alternaria blight,Fungus,"Warm, humid (24-28°C), prolonged leaf wetness","Brown lesions on flower bracts and buds, bud blighting",Spores infect developing reproductive tissues during high humidity,"Fungicide sprays, remove lower leaves, improve air circulation","Bud lesion counting, leaf wetness periods, humidity levels",4,4,4,4,4,4,4,4,4,4,4,4,4,4,4,0,20,1
182,toor,flowering,fusarium wilt,Fungus,"Warm (22-28°C), moist soils","Pre-mature flower abortion, wilting, plant collapse",Vascular blockage prevents water uptake during critical flowering,"Crop rotation, resistant varieties, avoid overwatering","Flower abortion counting, vascular discoloration, soil pathogen presence",2,2,2,2,2,2,2,2,2,2,2,2,2,2,2,0,8,101
183,toor,flowering,phytophthora blight,Fungus,"Cool, wet (15-20°C), high humidity, waterlogged","Water-soaked blighting of flowers, pod abortion",Oomycete destroys tender flower and pod tissues in wet conditions,"Improve drainage, fungicide sprays, remove infected tissues","Flower blight incidence, soil saturation, lesion spread",3,3,3,3,3,3,3,3,4,4,4,4,4,4,4,0,8,146
184,toor,flowering,powdery mildew,Fungus,"Warm days, cool nights (18-24°C), low humidity, shaded canopy",White powdery coating on flowers and leaves,Pathogen affects flower development and pollination,"Improve plant spacing, sulfur treatments, biological fungicides","Powdery coating detection, flower quality assessment",3,3,3,3,3,3,3,3,2,2,2,2,2,2,2,0,8,155
185,toor,flowering,sterility mosaic disease,Virus,"Warm (25-30°C), high vector activity","Flower deformation, incomplete flower development",Viral infection prevents normal flower development,"Vector control, remove infected plants, resistant varieties","Vector population, flower malformation counting",2,2,2,2,2,2,2,2,2,2,2,2,2,2,2,0,8,210
186,toor,flowering,alternaria blight,Fungus,"Warm, humid (24-28°C), prolonged leaf wetness",Brown lesions on flowers and flower bracts,Spores attack developing flowers reducing fruit set,"Fungicide sprays, remove lower infected leaves, improve air flow","Flower lesion assessment, leaf wetness period tracking",4,4,4,4,4,4,4,4,4,4,4,4,4,4,4,0,8,1
187,toor,pod formation,fusarium wilt,Fungus,"Warm (22-28°C), moist soils","Pod abortion, yellowing, plant wilting",Vascular blockage prevents water and nutrient translocation to pods,"Crop rotation, resistant varieties, irrigation management","Pod abortion counting, vascular discoloration, wilt progression",2,2,2,2,2,2,2,2,2,2,2,2,2,2,2,0,17,101
188,toor,pod formation,phytophthora blight,Fungus,"Cool, wet (15-20°C), high humidity, waterlogged soils","Water-soaked blighting of pods, pod rot",Oomycete rapidly colonizes developing pods in wet conditions,"Improve drainage, fungicide applications, remove infected pods","Pod blight incidence, soil saturation level, lesion expansion",3,3,3,3,3,3,3,3,4,4,4,4,4,4,4,0,17,146
189,toor,pod formation,alternaria blight,Fungus,"Warm, humid (24-28°C), prolonged leaf wetness","Brown lesions on pods, pod surface scarring",Spores from leaves infect developing pod surface,"Fungicide sprays, improve air circulation, remove infected leaves","Pod lesion counting, leaf wetness periods, humidity monitoring",4,4,4,4,4,4,4,4,4,4,4,4,4,4,4,0,17,1
190,toor,pod formation,pod borer,Pest,"Warm, dry conditions (25-32°C), low rainfall","Boreholes in pods, larval frass, hollow pods, seed damage",Larval feeding inside developing pods; high survival rate in dry weather,"Pheromone traps, insecticide sprays, biological controls","Pheromone trap counts, boreholes per pod assessment, larval presence",3,3,3,3,3,3,3,3,4,4,4,4,2,2,2,0,17,152
191,toor,pod formation,tur pod fly,Pest,"Warm (25-30°C), moderate humidity, low rainfall","Boreholeson pods, whitish maggots inside pods",Maggots feed on developing seeds; multiple generations in warm season,"Adultly monitoring with traps, removal of infested pods, insecticide","Maggot presence, pod infestation percentage, fly trap counts",3,3,3,3,3,3,3,3,2,2,2,2,2,2,2,0,17,228
192,toor,maturity,fusarium wilt,Fungus,Warm to moderate (20-26°C),"Premature plant senescence, incomplete pod fill, yellowing",Vascular dysfunction persists; cannot meet final nutrient demands of pods,"Crop rotation, resistant varieties, proper field management","Pod fill assessment, premature senescence counting, harvest timing",2,2,2,2,2,2,2,2,2,2,2,2,2,2,2,0,14,101
193,toor,maturity,phytophthora blight,Fungus,"Cool, wet (15-18°C), high humidity","Pod rot, mold on pod surface",Waterlogged conditions promote late season pod rot,"Improve drainage before maturity, fungicide if needed","Pod rot percentage, soil moisture level, late season rainfall",4,4,4,4,4,4,4,4,4,4,4,4,4,4,4,0,14,146
194,toor,maturity,alternaria blight,Fungus,"Warm to moderate, high humidity","Pod surface lesions, seed coat staining",Late infection reduces seed quality and germination,"Fungicide sprays if severe, proper field sanitation","Pod lesion assessment, seed staining evaluation",4,4,4,4,4,4,4,4,4,4,4,4,4,4,4,0,14,1
195,toor,maturity,powdery mildew,Fungus,"Warm days, cool nights, low humidity",Powdery coating on pods and stems,Late season infection may reduce seed quality,"Remove infected plant parts, improve air circulation","Powdery coating detection, pod quality assessment",3,3,3,3,3,3,3,3,2,2,2,2,2,2,2,0,14,155
196,toor,maturity,sterility mosaic disease,Virus,Warm (25-30°C),"Mottled pods, poor seed fill",Viral infection reduces final seed quality and yield,"Remove infected plants, vector control","Pod quality evaluation, seed fill percentage",2,2,2,2,2,2,2,2,2,2,2,2,2,2,2,0,14,210
197,toor,maturity,anthracnose,Fungus,"Warm, wet (22-28°C), high humidity, rainfall","Small lesions on pods, black spots on seeds",Fungal spores infect maturing seed coats,"Remove infected plant material, crop rotation","Lesion counting on pods, seed quality checks",4,4,4,4,4,4,4,4,4,4,4,4,4,4,4,0,14,10
198,toor,harvest,fusarium wilt,Fungus,Warm (20-28°C),"Poor grain quality, lightweight seeds",Plant death before harvest maturity; severe yield impact,"Timely harvest, resistant varieties, crop rotation","Seed weight assessment, harvest readiness evaluation",2,2,2,2,2,2,2,2,2,2,2,2,2,2,2,0,12,101
199,toor,harvest,phytophthora blight,Fungus,"Cool, wet (15-20°C), high humidity","Pod and seed rot, mold",Continued wet conditions favor pre-harvest rot,"Rapid harvest, proper drying, storage conditions","Pod condition at harvest, seed moisture level, fungal contamination",4,4,4,4,4,4,4,4,4,4,4,4,4,4,4,0,12,146
200,toor,harvest,alternaria blight,Fungus,"Warm, humid, rainfall","Seed coat staining, reduced seed quality",Late infection reduces market value of harvest,"Proper harvest timing, seed treatment","Seed quality grading, fungal colony counts",3,3,3,3,3,3,3,3,2,2,2,2,2,2,2,0,12,1
201,toor,harvest,powdery mildew,Fungus,"Moderate temperature, low humidity",Powdery residue on seeds,Late season infection affects seed quality,"Proper field cleanup, seed treatment","Seed surface cleaning, quality assessment",3,3,3,3,3,3,3,3,2,2,2,2,2,2,2,0,12,155
202,toor,harvest,sterility mosaic disease,Virus,Warm,"Reduced seed quality, poor germination",Viral infection at maturity reduces seed viability,"Harvest quality seeds, remove infected plants","Seed germination tests, quality evaluation",2,2,2,2,2,2,2,2,2,2,2,2,2,2,2,0,12,210
203,toor,harvest,anthracnose,Fungus,"Warm, wet conditions","Black lesions on seeds, reduced quality",Fungal seed coat infection affects viability,"Use treated seeds, proper storage","Seed quality assessment, fungal infection checks",2,2,2,2,2,2,2,2,2,2,2,2,2,2,2,0,12,10
206,chickpea,seed treatment & sowing,fusarium wilt (fusarium oxysporum f. sp. ciceri),Fungus,"25–30°C warm soil, low to moderate soil moisture",Seed may fail to germinate; early seedling yellowing; brown root base,Soil-borne pathogen infects germinating seed and young roots,"Seed treatment (Carbendazim/Trichoderma), resistant varieties, avoid wilt-sick soils","Soil temperature & moisture, early NDVI drop, wilt field history",2,2,2,2,2,2,2,2,2,2,2,2,2,2,2,1,22,104
207,chickpea,seed treatment & sowing,rhizoctonia root rot / seedling blight (rhizoctonia solani),Fungus,"Cool–warm moist soil (15–28°C), high organic matter","Pre-emergence damping-off, seed rot, collapsed seedlings",High soil moisture + tender seedling tissues,"Seed treatment (Thiram/Carboxin), proper drainage, avoid heavy early irrigation","Soil moisture >70%, cloudy-humid weather, uneven emergence",2,2,2,2,2,2,2,2,2,2,2,2,2,2,2,1,22,166
208,chickpea,seed treatment & sowing,pythium damping-off (pythium spp.),Oomycete,"High soil moisture, low temps (10–20°C), continuous wetness","Seed rot, soft watery radicle tissues",Pythium rapidly attacks soft tissues during germination,"Seed treatment (Metalaxyl), avoid waterlogging, raised beds","Soil saturation index, rain forecast after sowing, cold–wet conditions",2,2,2,2,2,2,2,2,2,2,2,2,2,2,2,1,22,157
209,chickpea,seed treatment & sowing,ascochyta blight – seed-borne phase (ascochyta rabiei),Fungus,"Cool humid weather, RH > 85%",Weak germination; dark specks on seed coat,Seed-borne inoculum activates immediately,"Disease-free seeds, seed treatment (Mancozeb/Chlorothalonil)","Seed purity tests, humidity spikes, past infection history",3,3,3,3,3,3,3,3,2,2,2,2,2,2,2,1,22,22
210,chickpea,seed treatment & sowing,collar rot (sclerotium rolfsii),Fungus,"Warm moist soil (20–35°C), high residues",Seedlings die post-emergence; white mycelia at collar zone,Tender tissues highly susceptible; pathogen thrives in warm soil,"Deep ploughing, seed treatment, residue management","Soil temp, sclerotia presence, early NDVI decline",2,2,2,2,2,2,2,2,2,2,2,2,2,2,2,1,22,49
211,chickpea,seed treatment & sowing,dry root rot (macrophomina phaseolina),Fungus,"High temp >30°C, low soil moisture","Poor germination, brittle dry roots",Drought stress weakens seedlings,"Maintain soil moisture, Trichoderma seed treatment","Soil dryness index, temperature spikes",2,2,2,2,2,2,2,2,2,2,2,2,2,2,2,1,22,85
212,chickpea,seed treatment & sowing,root-knot nematode (meloidogyne spp.),Nematode,"Sandy soils, warm temps 25–30°C",Stunted seedlings; early root stress (galls not yet visible),Juveniles attack roots immediately,"Biocontrol seed treatment (P. lilacinus), neem cake","Soil nematode assays, hotspot mapping, slow NDVI gain",2,2,2,2,2,2,2,2,2,2,2,2,2,2,2,1,22,172
213,chickpea,seed treatment & sowing,cutworm (soil pest),Insect Pest,"Moist soil, cloudy weather, weedy fields",Cut seedlings near soil surface,Larvae stay in soil and target tender emerging shoots,"Weed removal, soil insecticide, light traps","Pest count from soil sampling, night activity traps",2,2,2,2,2,2,2,2,2,2,2,2,2,2,2,1,22,76
214,chickpea,germination,fusarium wilt (fusarium oxysporum f. sp. ciceri),Fungus,"Warm soil (20–28°C), moderate moisture",Seedlings wilt; root base turns light brown,Soft germinating roots easily infected,"Seed treatment (Carbendazim/Trichoderma), resistant varieties","NDVI stagnation 7–10 DAS, soil temp & moisture",2,2,2,2,2,2,2,2,2,2,2,2,2,2,2,1,9,104
215,chickpea,germination,rhizoctonia root rot / seedling blight (rhizoctonia solani),Fungus,"Moist soil, cloudy weather, 15–28°C",Seedling collapse; brown collar lesions,Tender hypocotyl highly susceptible,"Thiram/Carboxin seed treatment, improve drainage","Soil moisture >70%, uneven emergence",2,2,2,2,2,2,2,2,2,2,2,2,2,2,2,1,9,166
216,chickpea,germination,pythium damping-off (pythium spp.),Oomycete,Cold wet soils (10–20°C) with saturation,Soft watery root tissue; pre/post-emergence rot,Fast radicle invasion under wetness,"Metalaxyl seed treatment, avoid waterlogging","Soil saturation, rainfall immediately after sowing",2,2,2,2,2,2,2,2,2,2,2,2,2,2,2,1,9,157
217,chickpea,germination,ascochyta blight – seedborne phase (ascochyta rabiei),Fungus,"High humidity (>85%), 15–20°C",Weak seedlings; necrotic specks,Seedborne inoculum activates early,"Disease-free seeds, Mancozeb/Chlorothalonil treatment","Humidity spikes, seed health test",4,4,4,4,4,4,4,4,4,4,4,4,4,4,4,1,9,23
218,chickpea,germination,collar rot (sclerotium rolfsii),Fungus,"Warm moist soils (22–35°C), residues",White mycelia on collar; seedling death,Tender collar region vulnerable,"Residue reduction, fungicidal seed dressing","Sclerotia presence, early NDVI dip",2,2,2,2,2,2,2,2,2,2,2,2,2,2,2,1,9,49
219,chickpea,germination,dry root rot (macrophomina phaseolina),Fungus,"High temp >30°C, dry soil",Weak seedlings; brittle roots,Drought stress lowers resistance,"Maintain soil moisture, Trichoderma coating","Soil dryness index, heat spike",3,3,3,3,3,3,3,3,4,4,4,4,3,3,3,1,9,85
220,chickpea,germination,root-knot nematode (meloidogyne spp.),Nematode,"Sandy soils, 25–30°C",Stunted seedlings; early root stress,Juveniles attack young roots immediately,"Neem cake, Paecilomyces seed treatment","Nematode assay, slow NDVI gain",2,2,2,2,2,2,2,2,2,2,2,2,2,2,2,1,9,172
221,chickpea,germination,cutworm (soil pest),Insect Pest,"Cloudy, moist, weedy fields",Seedlings cut at soil surface,Larvae attack tender stems,"Weed removal, light traps, soil insecticide","Pest count, missing plants in patches",2,2,2,2,2,2,2,2,2,2,2,2,2,2,2,1,9,76
222,chickpea,emergence,fusarium wilt (fusarium oxysporum f. sp. ciceri),Fungus,"Warm soil (20–28°C), moderate moisture",Sudden yellowing; pale top; slight root discoloration,Shallow root system easily infected; xylem blockage begins,"Seed treatment, resistant varieties, avoid wilt-sick fields","NDVI stagnation (5–10 DAS), soil moisture fluctuations",2,2,2,2,2,2,2,2,2,2,2,2,2,2,2,1,6,104
223,chickpea,emergence,rhizoctonia root rot / seedling blight (rhizoctonia solani),Fungus,"Moist warm soil (15–28°C), high organic matter",Collar lesions; seedlings fall ('sore shin'),Tender hypocotyl passing through infected soil,"Thiram/Carboxin seed treatment, improve drainage","Soil moisture >70%, cloudy-humid spells, uneven emergence",2,2,2,2,2,2,2,2,2,2,2,2,2,2,2,1,6,166
224,chickpea,emergence,pythium damping-off (pythium spp.),Oomycete,Cold wet soils (10–20°C) with saturation,Seedlings collapse shortly after emergence,Soft cotyledons & hypocotyl ideal for attack,"Metalaxyl seed treatment, avoid early irrigation","Soil saturation, rainfall right after sowing",2,2,2,2,2,2,2,2,2,2,2,2,2,2,2,1,6,157
225,chickpea,emergence,ascochyta blight – initiation phase (ascochyta rabiei),Fungus,"Cool (15–20°C), high humidity (>85%)",Tiny brown specks on cotyledons/young leaves,Seedborne inoculum activates as seedlings emerge,"Disease-free seeds, Mancozeb/Chlorothalonil","Humidity spikes, early chlorosis patterns",4,4,4,4,4,4,4,4,4,4,4,4,4,4,4,1,6,21
226,chickpea,emergence,collar rot (sclerotium rolfsii),Fungus,"Warm (22–35°C), moist soils with residues",White fungal growth on collar; seedling death,Tender collar region highly susceptible,"Deep ploughing, residue reduction, fungicidal seed coat","Sclerotia presence, early NDVI dip (7–12 DAS)",2,2,2,2,2,2,2,2,2,2,2,2,2,2,2,1,6,49
227,chickpea,emergence,dry root rot (macrophomina phaseolina),Fungus,High temperature >30°C + dry soil,Slight wilting; brittle dry roots,Low moisture at emergence weakens seedlings,"Maintain moisture, Trichoderma coating","Soil dryness index, heat-wave alerts",3,3,3,3,3,3,3,3,4,4,4,4,3,3,3,1,6,85
228,chickpea,emergence,root-knot nematode (meloidogyne spp.),Nematode,"Sandy soils, warm temps 25–30°C",Stunted seedlings; poor taproot development,Juveniles invade roots immediately,"Neem cake, Paecilomyces seed treatment","Nematode assay, low NDVI patches",2,2,2,2,2,2,2,2,2,2,2,2,2,2,2,1,6,172
229,chickpea,emergence,cutworm (soil pest),Insect Pest,"Moist soil, cloudy weather, weedy fields",Seedlings cut at soil surface (night damage),Larvae cut emerging stems at ground level,"Weed cleanup, light traps, soil insecticide","Night trap counts, missing-seedling patches",2,2,2,2,2,2,2,2,2,2,2,2,2,2,2,1,6,76
230,chickpea,vegetative growth,ascochyta blight (ascochyta rabiei),Fungus,"Cool (15–22°C), humid (>85% RH), cloudy weather",Brown–black lesions on leaves & stems; pycnidia present,Dense canopy increases humidity; rapid leaf expansion,"Preventive sprays (Chlorothalonil/Mancozeb), resistant varieties","Leaf wetness >10 hrs, NDVI patchiness, humidity spikes",3,3,3,3,3,3,3,3,2,2,2,2,2,2,2,1,31,20
231,chickpea,vegetative growth,botrytis gray mold (botrytis cinerea),Fungus,"Cool–moist (12–18°C), prolonged fog/dew","Gray fuzzy mold on leaves, petioles, stems",Overlapping leaves trap moisture; canopy stays wet,"Avoid dense planting, Iprodione/Carbendazim sprays","High RH, low airflow, NDVI decline",2,2,2,2,2,2,2,2,2,2,2,2,2,2,2,1,31,44
232,chickpea,vegetative growth,alternaria blight (alternaria alternata),Fungus,"Warm humid (20–28°C), intermittent rainfall",Circular lesions with yellow halo on older leaves,Lower leaves wet for long; canopy microclimate favors spores,"Remove residues, Mancozeb sprays","Humidity spikes, leaf yellowing, heat + humidity cycles",3,3,3,3,3,3,3,3,2,2,2,2,2,2,2,1,31,2
233,chickpea,vegetative growth,fusarium wilt (fusarium oxysporum f. sp. ciceri),Fungus,Warm soil (22–28°C),Wilting of branches; brown vascular tissue,Xylem infection worsens as water demand increases,"Resistant varieties, crop rotation, soil health management","NDVI drop, wilt patches, soil temperature",2,2,2,2,2,2,2,2,2,2,2,2,2,2,2,1,31,104
234,chickpea,vegetative growth,dry root rot (macrophomina phaseolina),Fungus,"Hot (>30°C), dry soil",Sudden drying; stem shredding,Water stress + heat accelerates pathogen,"Maintain moisture, organic amendments","Soil moisture deficit, heat stress alerts",3,3,3,3,3,3,3,3,4,4,4,4,3,3,3,1,31,85
235,chickpea,vegetative growth,collar rot (sclerotium rolfsii),Fungus,"Warm (22–35°C), residue-rich soils","Yellowing, drooping from collar upward",Collar partly lignified but still vulnerable,"Residue reduction, soil fungicides","Sclerotia presence, NDVI decline near base",2,2,2,2,2,2,2,2,2,2,2,2,2,2,2,1,31,49
236,chickpea,vegetative growth,root-knot nematode (meloidogyne spp.),Nematode,"Sandy soils, warm (25–30°C)","Stunted plants, pale foliage; early root galls form",Rapid root growth exploited by nematodes,"Neem cake, Paecilomyces, crop rotation","Hotspot mapping, low NDVI pockets",2,2,2,2,2,2,2,2,2,2,2,2,2,2,2,1,31,172
237,chickpea,vegetative growth,helicoverpa (early feeding stage),Insect Pest,"20–30°C, moderate conditions",Pin-hole feeding; leaf defoliation,Vegetative canopy supports early larvae feeding,"Pheromone traps, Bt/NPV sprays","Trap catches, % leaf damage, NDVI dips",2,2,2,2,2,2,2,2,2,2,2,2,2,2,2,1,31,119
238,chickpea,flowering,ascochyta blight (ascochyta rabiei),Fungus,"Cool (15–22°C), high humidity (>85%), cloudy/rainy","Lesions on leaves, stems, pods; flower drop",Flowering increases canopy humidity and susceptibility,Mancozeb/Chlorothalonil sprays; resistant varieties,"Leaf wetness duration, humidity spikes, NDVI patchiness",4,4,4,4,4,4,4,4,4,4,4,4,4,4,4,1,8,20
239,chickpea,flowering,botrytis gray mold (botrytis cinerea),Fungus,"Cool–moist (12–18°C), continuous dew/fog","Gray mold on flowers, petioles, pods",Flower clusters trap moisture → ideal for mold,Avoid dense canopy; Iprodione/Carbendazim,"High RH, low airflow, NDVI sudden drop",2,2,2,2,2,2,2,2,2,2,2,2,2,2,2,1,8,44
240,chickpea,flowering,alternaria blight (alternaria alternata),Fungus,"Warm humid (20–28°C), intermittent rain",Concentric lesions; flower shedding,Upper canopy soft tissues prone during flowering,Mancozeb/Chlorothalonil sprays,"Humidity–heat cycles, top leaf yellowing",3,3,3,3,3,3,3,3,2,2,2,2,2,2,2,1,8,2
241,chickpea,flowering,fusarium wilt (fusarium oxysporum),Fungus,Warm soils (22–30°C),Wilting of branches or whole plant; vascular browning,High water/nutrient demand at flowering enhances wilt,Resistant varieties; rotation,"NDVI dip in patches, soil temperature rise",2,2,2,2,2,2,2,2,2,2,2,2,2,2,2,1,8,105
242,chickpea,flowering,sclerotinia stem rot / white mold (sclerotinia sclerotiorum),Fungus,"Cool & humid (15–20°C), long wetness",White cottony mycelia; lodging; flower blight,Dense flowering canopy holds moisture,Avoid overhead irrigation; Boscalid/Carbendazim,"Leaf wetness >12 hrs, soil moisture >70%",3,3,3,3,3,3,3,3,2,2,2,2,2,2,2,1,8,179
243,chickpea,flowering,dry root rot (macrophomina phaseolina),Fungus,"Hot (>30°C), dry soil",Sudden plant death; stem shredding,Drought stress peaks at flowering,Maintain moisture; Trichoderma,"Soil dryness index, heat waves",3,3,3,3,3,3,3,3,4,4,4,4,3,3,3,1,8,85
244,chickpea,flowering,root-knot nematode (meloidogyne spp.),Nematode,"Sandy soils, warm temps",Poor pod set; weak flowering canopy,High nutrient demand amplifies nematode injury,Neem cake; Paecilomyces,"NDVI low zones, nematode hotspots",2,2,2,2,2,2,2,2,2,2,2,2,2,2,2,1,8,172
245,chickpea,flowering,pod borer (helicoverpa armigera),Insect Pest,"20–30°C, dry spells after rain",Larvae feed on flowers & tender pods,Flowering stage highly attractive to larvae,Pheromone traps; Bt/NPV sprays,"Trap count >8/night, flower damage %",3,3,3,3,3,3,3,3,4,4,4,4,3,3,3,1,8,153
246,chickpea,flowering,aphids (aphis craccivora),Insect Pest,"Cool–moderate 15–25°C, dry conditions",Honeydew; curling leaves; flower abortion,Tender floral tissues easily colonized,Neem oil; IMI sprays; ladybird predators,"Aphid count/leaf, sticky traps",3,3,3,3,3,3,3,3,4,4,4,4,2,2,2,1,8,17
247,chickpea,pod formation (reproductive stage),ascochyta blight (ascochyta rabiei),Fungus,"Cool (15–22°C), high humidity (>85%), cloudy/wet days",Dark sunken spots on pods; premature pod drop; shriveled seeds,Pods have soft tissues & high moisture → easy infection,Mancozeb/Chlorothalonil sprays; resistant varieties,"Pod wetness duration, humidity spikes, NDVI decline clusters",4,4,4,4,4,4,4,4,4,4,4,4,4,4,4,1,18,20
248,chickpea,pod formation (reproductive stage),botrytis gray mold (botrytis cinerea),Fungus,"Cool–moist (12–18°C), dense canopy, fog/dew",Gray mold on pods; flower-to-pod infection,Dense canopy traps moisture around pods,Improve aeration; Iprodione/Carbendazim,"RH >90%, dew persistence, NDVI sudden drop",2,2,2,2,2,2,2,2,2,2,2,2,2,2,2,1,18,44
249,chickpea,pod formation (reproductive stage),alternaria pod blight (alternaria alternata),Fungus,"Warm humid (20–28°C), intermittent rains",Brown concentric lesions on pods; pod drying,Pod surface stays wet after night dew,Mancozeb sprays; residue removal,"Humidity cycles, yellowing around infected pods",3,3,3,3,3,3,3,3,2,2,2,2,2,2,2,1,18,6
250,chickpea,pod formation (reproductive stage),sclerotinia stem rot / white mold (sclerotinia sclerotiorum),Fungus,"Cool humid (15–20°C), wet soil",White fungal growth at stem/pod junction; pod abortion,Thick canopy remains wet during pod fill,Avoid overhead irrigation; Boscalid,"Leaf wetness >12 hrs, soil moisture >70%",3,3,3,3,3,3,3,3,2,2,2,2,2,2,2,1,18,179
251,chickpea,pod formation (reproductive stage),fusarium wilt (late expression),Fungus,Warm soils (24–30°C),Pod fill failure; partial plant wilt; vascular browning,High water/nutrient demand exposes infection,"Resistant varieties, rotation","Localized NDVI decline, warm soils",2,2,2,2,2,2,2,2,2,2,2,2,2,2,2,1,18,106
252,chickpea,pod formation (reproductive stage),dry root rot (macrophomina phaseolina),Fungus,"Hot (>30°C), dry soils",Pods small; upper canopy dries suddenly,Drought stress peaks during pod formation,Maintain moisture; Trichoderma,"Soil dryness index, heat spikes",3,3,3,3,3,3,3,3,4,4,4,4,3,3,3,1,18,85
253,chickpea,pod formation (reproductive stage),root-knot nematode (meloidogyne spp.),Nematode,Sandy warm soils,Poor pod formation; reduced seed filling,Nutrient flow reduced due to root galls,Neem cake; Paecilomyces; rotation,"NDVI low zones, nematode hotspots",2,2,2,2,2,2,2,2,2,2,2,2,2,2,2,1,18,172
254,chickpea,pod formation (reproductive stage),pod borer (helicoverpa armigera),Insect Pest,"20–32°C, dry spells after rain",Larvae bore into pods; seed feeding,Peak attractiveness at pod stage,Pheromone traps; Bt/NPV; Emamectin,"Trap >8/night, pod damage %, NDVI holes",3,3,3,3,3,3,3,3,4,4,4,4,3,3,3,1,18,153
255,chickpea,pod formation (reproductive stage),aphids (aphis craccivora),Insect Pest,"15–25°C, dry weather",Stunted pods; poor filling; honeydew,Sap feeding reduces nutrient translocation,Neem oil; IMI sprays; ladybird conservation,"Aphid count/leaf, sticky trap rise",3,3,3,3,3,3,3,3,4,4,4,4,3,3,3,1,18,17
256,chickpea,pod formation (reproductive stage),stink bugs / pod sucking bugs,Insect Pest,Warm dry 25–32°C,Shriveled seeds; pod punctures,Pods attract sucking pests,Weed removal; insecticides if needed,"Pest count per 10 sweeps, damaged pods",3,3,3,3,3,3,3,3,4,4,4,4,2,2,2,1,18,215
257,chickpea,maturity,ascochyta blight (ascochyta rabiei),Fungus,"Cool, humid, cloudy weather; late-season rains",Dark lesions on pods; shriveled seeds; pod cracking,Mature pods lose moisture balance & become vulnerable,Avoid late irrigation; Mancozeb spray before maturity,"Pod wetness duration, humidity spikes, NDVI decline",3,3,3,3,3,3,3,3,2,2,2,2,2,2,2,1,14,20
258,chickpea,maturity,alternaria pod blight (alternaria alternata),Fungus,Warm humid (20–28°C),Brown–black lesions on pods; seed discoloration,Drying pods under stress become more susceptible,Maintain airflow; remove residues; avoid late irrigation,"Humidity cycles, pod surface spots",3,3,3,3,3,3,3,3,2,2,2,2,2,2,2,1,14,6
259,chickpea,maturity,botrytis gray mold (botrytis cinerea),Fungus,"Cool moist weather, dense canopy",Gray mold on drying pods; pod rotting,Senescing canopy traps moisture near pods,Improve aeration; avoid late irrigation,"Fog/dew persistence, NDVI sudden patch drop",2,2,2,2,2,2,2,2,2,2,2,2,2,2,2,1,14,44
260,chickpea,maturity,sclerotinia stem rot (sclerotinia sclerotiorum),Fungus,Cool humid soils; heavy residues,White cottony growth on stems/pod junctions,Weakening stems allow pathogen entry,Deep ploughing; moisture control,"Soil moisture >70%, canopy collapse areas",3,3,3,3,3,3,3,3,2,2,2,2,2,2,2,1,14,178
261,chickpea,maturity,fusarium wilt (late expression),Fungus,Warm soils >25°C,Incomplete pod fill; early plant drying,Cumulative xylem blockage shows late,Crop rotation; resistant varieties,Localized NDVI decline patches,2,2,2,2,2,2,2,2,2,2,2,2,2,2,2,1,14,106
262,chickpea,maturity,dry root rot (macrophomina phaseolina),Fungus,"Hot (>30°C), dry soil",Sudden plant death with pods attached,Heat + drought stress peak at maturity,Maintain moisture earlier; Trichoderma,"Soil dryness index, heat alerts",3,3,3,3,3,3,3,3,4,4,4,4,3,3,3,1,14,85
263,chickpea,maturity,pod borer (helicoverpa armigera),Insect Pest,"20–32°C, dry spells",Larvae bore into mature pods; seed feeding,Late-instar larvae peak feeding at maturity,NPV/Bt; pheromone traps; Emamectin,"Trap catch >8/night, pod damage %",3,3,3,3,3,3,3,3,4,4,4,4,3,3,3,1,14,153
264,chickpea,maturity,aphids (aphis craccivora),Insect Pest,"Cool–moderate temperatures, dry conditions",Sooty mold; curled pods; shriveled seeds,Sap feeding restricts seed filling,Neem oil; IMI sprays; predators,"Aphid count/leaf, honeydew presence",3,3,3,3,3,3,3,3,4,4,4,4,2,2,2,1,14,17
265,chickpea,maturity,stink bugs / pod sucking bugs,Insect Pest,Warm dry 25–32°C,Shriveled seeds; puncture marks on pods,Hardening pods attract bugs,Weed removal; insecticides if severe,"Bug count per 10 sweeps, damaged pods",3,3,3,3,3,3,3,3,4,4,4,4,2,2,2,1,14,215
266,chickpea,maturity,seed weevils / bruchids (callosobruchus spp.),Insect Pest,Dry warm weather,Egg laying on pods; holes in seeds during storage,Mature seeds attract bruchids for oviposition,Timely harvest; proper drying; seed treatment,"Adult trap counts, seed holes",3,3,3,3,3,3,3,3,4,4,4,4,2,2,2,1,14,184
267,chickpea,harvest,ascochyta blight (ascochyta rabiei),Fungus,Cool & humid weather close to harvest,Lesions on pods; shriveled seeds; poor grain quality,Late-season moisture reactivates infection on drying pods,Avoid late irrigation; early harvest before rains,"Pod wetness hours, humidity >85%, seed discoloration",3,3,3,3,3,3,3,3,2,2,2,2,2,2,2,1,12,20
268,chickpea,harvest,alternaria pod blight (alternaria alternata),Fungus,Warm humid spells during drying,Brown spots on dry pods; seed discoloration,Pods dry unevenly causing stress cracks,Timely harvest; proper field drying,"Humidity cycles, pod surface lesions",3,3,3,3,3,3,3,3,4,4,4,4,2,2,2,1,12,6
269,chickpea,harvest,botrytis gray mold (botrytis cinerea),Fungus,Cool moist weather during harvest,Gray mold on drying pods; poor seed quality,Damp crop lying in field increases mold growth,Quick drying; avoid leaving plants on wet soil,"Fog/dew persistence, mold presence",2,2,2,2,2,2,2,2,2,2,2,2,2,2,2,1,12,44
270,chickpea,harvest,sclerotinia stem rot (sclerotinia sclerotiorum),Fungus,"Wet soil, cool humid conditions",White mold on stems/pods; lodging issues,Lodged plants touch moist soil and get infected,Remove residues; harvest lodged areas early,"Soil moisture >70%, dead/lodged patches",3,3,3,3,3,3,3,3,2,2,2,2,2,2,2,1,12,178
271,chickpea,harvest,dry root rot (macrophomina phaseolina),Fungus,"High temperature >30°C, dry soils",Plants brittle; pods poorly filled,Severe drought stress increases late infection,Ensure timely harvest; maintain soil moisture earlier,"Dryness index, heat spikes",3,3,3,3,3,3,3,3,4,4,4,4,3,3,3,1,12,85
272,chickpea,harvest,seed weevils / bruchids (callosobruchus spp.),Insect Pest,Warm dry post-maturity weather,Eggs on pods; holes in stored seeds,Dry pods attract bruchids for oviposition,Early harvest; sun drying; seed treatment before storage,"Adult trap counts, seed hole percentage",3,3,3,3,3,3,3,3,4,4,4,4,2,2,2,1,12,184
273,chickpea,harvest,pod sucking bugs / stink bugs,Insect Pest,Warm dry 25–32°C,Shriveled seeds; pod punctures,Hardening pods attract sucking pests,Weed removal; insecticide if severe,"Bug count per sweep, punctured pods",3,3,3,3,3,3,3,3,4,4,4,4,2,2,2,1,12,154
274,chickpea,harvest,aphids (aphis craccivora),Insect Pest,Cool–dry weather,Sticky honeydew; sooty mold on pods,Late-season feeding reduces seed quality,Neem oil; IMI sprays; support predators,"Aphid count, sooty mold presence",3,3,3,3,3,3,3,3,4,4,4,4,3,3,3,1,12,17
275,chickpea,harvest,"storage fungal rot (aspergillus, penicillium)",Fungus,High humidity during drying; delayed harvest,Moldy seeds; off-color grain; foul odor,Moist seeds create perfect environment for fungi,Dry seeds to <12% moisture; proper ventilation,"Seed moisture %, presence of mold patches",4,4,4,4,4,4,4,4,4,4,4,4,4,4,4,1,12,216
276,chickpea,harvest,mechanical / weather damage (abiotic),Abiotic,Rain before or during harvest,Pod splitting; seed discoloration,Mature pods extremely fragile to moisture changes,Harvest before rainfall; avoid delays,"Weather forecast, pod brittleness checks",2,2,2,2,2,2,2,2,2,2,2,2,2,2,2,1,12,133
277,chickpea,post-harvest,"storage fungal rot (aspergillus, penicillium)",Fungus,"High humidity (>70%), seed moisture >12%, poor aeration","Mold growth, foul odor, discoloration, aflatoxin risk",Residual grain moisture + warm storage conditions,"Dry seeds <10–12%, airtight bags, fumigation","Seed moisture %, storage humidity & temperature",4,4,4,4,4,4,4,4,4,4,4,4,4,4,4,1,19,216
278,chickpea,post-harvest,bruchids / pulse beetle (callosobruchus chinensis),Insect Pest,Warm dry environment (28–33°C),"Seed holes, powdery residue, rapid internal feeding",Beetles lay eggs on stored grain; larvae feed inside,"Solarization, hermetic storage, fumigation","Trap counts, % holed seeds, grain weight loss",3,3,3,3,3,3,3,3,4,4,4,4,2,2,2,1,19,45
279,chickpea,post-harvest,weevils (sitophilus spp.),Insect Pest,Warm & humid storage conditions,"Seed tunneling, fine dust accumulation",Warm stores enable rapid multiplication,"Clean stores, fumigation, airtight containers","Live insect activity, frass presence",4,4,4,4,4,4,4,4,4,4,4,4,4,4,4,1,19,230
280,chickpea,post-harvest,rodent damage,Vertebrate Pest,Dry warm shelters,"Gnawed seeds, contamination, urine smell",Rodents seek grain during off-season,"Traps, baiting, improved sanitation","Droppings, gnaw marks, torn bags",3,3,3,3,3,3,3,3,4,4,4,4,2,2,2,1,19,168
281,chickpea,post-harvest,secondary mold (reactivation),Fungus,Re-wetting of stored grain,Renewed mold growth on previously dried seeds,Poor storage allows moisture absorption,"Store grain off-floor, maintain ventilation","Grain moisture %, humidity spikes",2,2,2,2,2,2,2,2,2,2,2,2,2,2,2,1,19,180
282,chickpea,post-harvest,yeast & bacterial spoilage,Bacteria / Yeast,"High humidity, poor airflow","Fermented smell, clumping of seeds",Moisture condensation inside bags,"Use dry, ventilated storage; avoid damp bags","Condensation signs, odor checks",4,4,4,4,4,4,4,4,4,4,4,4,4,4,4,1,19,237
283,chickpea,post-harvest,insect fragment contamination,Insect Residue,Warm dry storage,Presence of dead insect parts in grain,Multiple pests thrive in storage,Identify and eliminate pest hotspots,Visual grain inspection,4,4,4,4,4,4,4,4,4,4,4,4,4,4,4,1,19,121
284,chickpea,post-harvest,mite infestation,Mite Pest,High humidity in stores,"Dusty grain appearance, allergenic contamination",Damp grain layers favor mites,"Sun-drying, cold storage",Microscopic mite count,4,4,4,4,4,4,4,4,4,4,4,4,4,4,4,1,19,134
285,chickpea,post-harvest,admixture & seed discoloration (abiotic),Non-pathogenic,"Poor cleaning, exposure to light/oxidation","Faded color, broken grain",Handling stress & oxidation,Proper cleaning & gentle handling,"Grain purity %, color grading",2,2,2,2,2,2,2,2,2,2,2,2,2,2,2,1,19,0
286,chickpea,post-harvest,mycotoxin risk (aflatoxin from aspergillus),Fungal Toxin,"Warm humid storage (25–32°C, RH >70%)",No visible symptoms; toxic contamination,Bad drying practices + fungal spores,"Lab testing, low-moisture storage","Aflatoxin test strips, humidity monitoring",4,4,4,4,4,4,4,4,4,4,4,4,4,4,4,1,19,136
289,cotton,seed treatment & sowing,seed rot,"Fungus (Rhizoctonia, Aspergillus, Fusarium)","High soil moisture, poorly drained soil, warm & humid conditions","Seeds fail to germinate, softening/melting of seeds",Seed coat is weak; pathogen attacks before germination,"Use fungicide-treated seed, ensure well-drained soil, avoid over-irrigation","Soil moisture >70%, soil temp 20–30°C, delayed germination rates",3,3,3,3,3,3,3,3,2,2,2,2,2,2,2,3,22,182
290,cotton,seed treatment & sowing,damping-off,"Fungus (Pythium, Rhizoctonia solani)","Cool + wet soils, continuous high humidity, cloudy weather","Seedlings collapse, water-soaked stem base, pre- or post-emergence death",Tender hypocotyl easily invaded by soil fungi,"Treat seeds, apply bioagents (Trichoderma), avoid waterlogging","Soil humidity spikes, emergence gap >20%, NDVI low in early stage patches",4,4,4,4,4,4,4,4,4,4,4,4,4,4,4,3,22,78
291,cotton,seed treatment & sowing,fusarium wilt (early infection),Fungus,"Warm soil (25–30°C), drought + moisture fluctuations","Poor emergence, slight seedling yellowing, weak early root system","Seedling roots are undeveloped, allowing pathogen entry","Resistant varieties, seed treatment with carbendazim, crop rotation","Soil pathogen index, early NDVI decline, localized poor stand",3,3,3,3,3,3,3,3,4,4,4,4,2,2,2,3,22,103
292,cotton,seed treatment & sowing,bacterial blight (initial infection),Bacteria (Xanthomonas citri pv. malvacearum),"High humidity, rainfall splash, warm weather","Water-soaked specks on cotyledons, small lesions",Cotyledons are thin & easily affected,"Use disease-free seed, treat seed with bactericides, avoid crowding","Humidity >85%, recent rainfall, cotyledon spotting trend",4,4,4,4,4,4,4,4,4,4,4,4,4,4,4,3,22,32
293,cotton,seed treatment & sowing,root-knot nematode,Nematode (Meloidogyne spp.),"Sandy soils, warm temperatures","Poor emergence, weak seedlings, early root galls (microscopic)",Immature roots are easy targets for nematodes,"Seed coating with nematicides, soil solarization, resistant cultivars","Soil nematode count, patchy poor stands, early stunting patterns",2,2,2,2,2,2,2,2,2,2,2,2,2,2,2,3,22,171
294,cotton,seed treatment & sowing,alternaria leaf spot (early infection),Fungus,"Warm, humid, prolonged leaf wetness",Small dark specks on cotyledons,First true leaves just forming—easily infected,"Seed treatment, good spacing, avoid overhead irrigation","Leaf wetness >10 hours, humidity >85%, cotyledon lesion count",4,4,4,4,4,4,4,4,4,4,4,4,4,4,4,3,22,4
295,cotton,germination,"damping-off (pythium, rhizoctonia, phytophthora)",Fungus,"Cool–wet soils, high humidity, poor drainage","Hypocotyl collapse, water-soaked stem, pre- or post-emergence seedling death",Soft tissues + slow emergence increase susceptibility,"Seed treatment (Metalaxyl, Thiram), avoid overwatering, use raised beds","Soil moisture >70%, soil temp <20°C, missing plants in rows, early NDVI dips",4,4,4,4,4,4,4,4,4,4,4,4,4,4,4,3,9,80
296,cotton,germination,seedling root rot,"Fungus (Fusarium, Rhizoctonia)","Warm humid soil, high organic matter","Brown root lesions, weak or stunted seedlings",Immature root systems allow quick colonization,"Trichoderma seed treatment, crop rotation, ensure aeration","Soil pathogen index, stunted patches, poor root elongation",3,3,3,3,3,3,3,3,2,2,2,2,2,2,2,3,9,188
297,cotton,germination,bacterial blight (early infection),Bacteria,Warm temps + rainfall splash or irrigation,Tiny water-soaked lesions on cotyledons,Cotyledons thin and vulnerable to bacterial entry,"Disease-free seed, copper-based seed treatment, avoid splash irrigation","RH >85%, cotyledon spotting trend, weather after rainfall",2,2,2,2,2,2,2,2,2,2,2,2,2,2,2,3,9,31
298,cotton,germination,alternaria leaf spot (early stage),Fungus,"Warm, humid, leaf wetness periods",Dark specks on cotyledons or first true leaf,Tender tissues lack protective waxy layers,"Seed treatment, good spacing, remove plant debris","Leaf wetness >10 hrs, humidity spikes, lesion count in sampling",4,4,4,4,4,4,4,4,4,4,4,4,4,4,4,3,9,5
299,cotton,germination,fusarium wilt (early infection),Fungus,"Warm soils (25–30°C), moisture stress fluctuations","Slow emergence, early yellowing, poor vigor",Fungus enters through young roots before lignification,"Resistant varieties, carbendazim seed treatment","Early NDVI decline, soil pathogen load, scattered weak seedlings",2,2,2,2,2,2,2,2,2,2,2,2,2,2,2,3,9,103
300,cotton,germination,root-knot nematode,Nematode (Meloidogyne spp.),"Sandy soils, warm temps","Poor seedling vigor, microscopic early galls, uneven stand",Germinating roots are soft and attractive to nematodes,"Nematicide seed coat, soil solarization, resistant hybrids","Soil nematode count, stunted patches, anomalous emergence patterns",2,2,2,2,2,2,2,2,2,2,2,2,2,2,2,3,9,171
301,cotton,germination,cotton leaf curl virus (very early transmission),Virus (Whitefly-vectored),"Warm weather, low rainfall, high whitefly activity",Slight leaf curling on tiny emerging leaves (rare this early),Early whitefly feeding can infect seedlings,"Seedling protection nets, vector control, remove alternate hosts","Whitefly count >5/leaf, warm dry spell, leaf deformation count",2,2,2,2,2,2,2,2,2,2,2,2,2,2,2,3,9,75
302,cotton,seedling establishment & emergence,damping-off (late emergence phase),"Fungus (Rhizoctonia, Pythium, Phytophthora)","High soil moisture, cool or fluctuating temperatures, cloudy weather","Seedlings wilt suddenly, stem constriction at soil line, brownish rot",Tender hypocotyl and weak stem tissues are easily attacked,"Seed treatment, avoid waterlogging, improve soil drainage","Soil moisture >70%, emergence gaps, NDVI drop in rows",2,2,2,2,2,2,2,2,2,2,2,2,2,2,2,3,24,79
303,cotton,seedling establishment & emergence,seedling root rot / early fusarium infection,Fungus,"Warm and humid soil, high organic matter","Brown root lesions, weak or stunted seedlings, poor root elongation",Roots are soft and not yet lignified,"Trichoderma application, soil sterilization, crop rotation","Soil pathogen count, patchy weak plants, early stunting",3,3,3,3,3,3,3,3,2,2,2,2,2,2,2,3,24,189
304,cotton,seedling establishment & emergence,alternaria leaf spot (early stage),Fungus,"Warm, humid conditions; leaf wetness >10 hrs",Dark circular spots on cotyledons/first leaves,New leaves lack protective wax,"Fungicide seed treat, wider spacing, remove residue","Humidity >85%, leaf spot count, early lesion expansion",4,4,4,4,4,4,4,4,4,4,4,4,4,4,4,3,24,5
305,cotton,seedling establishment & emergence,bacterial blight (young seedling infection),Bacteria,"High humidity, rainfall splash, warm temps",Tiny angular water-soaked lesions on cotyledons and young leaves,Cotyledons and first leaves have weak cuticle,"Clean seed, avoid overhead irrigation, copper sprays","RH spikes, rainfall events, sudden lesion appearance",4,4,4,4,4,4,4,4,4,4,4,4,4,4,4,3,24,33
306,cotton,seedling establishment & emergence,root-knot nematode damage,Nematode,"Sandy soils, warm temperatures","Slow growth, yellowish seedlings, small early root swellings","Soft, developing roots allow nematode penetration","Nematicide seed coat, resistant varieties, solarization","Soil nematode index, uneven emergence, stunted patches",2,2,2,2,2,2,2,2,2,2,2,2,2,2,2,3,24,173
307,cotton,seedling establishment & emergence,cotton leaf curl virus (early establishment),Virus (Whitefly-vectored),"Warm, dry weather; high whitefly numbers","Mild early curling, puckering of first leaves",Whitefly feeding begins early when seedlings are tender,"Remove weeds, apply yellow sticky traps, early vector control","Whitefly count >5/leaf, rising temp & dry spell indicators",3,3,3,3,3,3,3,3,4,4,4,4,2,2,2,3,24,74
308,cotton,seedling establishment & emergence,thrips damage (vector & direct injury),Pest,"Hot, dry climates; low rainfall","Silvery streaks on emerging leaves, curling, distortion",Tender emerging leaves are ideal feeding sites,"Seed treatment (Imidacloprid), blue sticky traps, early sprays","Thrips count >8 per seedling, dry spell continuation",3,3,3,3,3,3,3,3,4,4,4,4,3,3,3,3,24,225
309,cotton,seedling establishment & emergence,spider mite early infestation,Pest,"Hot, dusty conditions",Tiny pale speckling on young leaves,Limited leaf area = quick damage impact,"Maintain field moisture, miticide if needed","Webbing signs, leaf undersurface mite count",3,3,3,3,3,3,3,3,3,3,3,3,3,3,3,3,24,199
310,cotton,vegetative growth,alternaria leaf spot,Fungus,"Warm (25–30°C), humid, prolonged leaf wetness",Brown circular spots with concentric rings on leaves,Large leaf area + dense canopy increases humidity,"Foliar fungicides (Mancozeb), wider spacing, debris removal","Leaf wetness >10 hrs, RH >85%, lesion expansion rate",4,4,4,4,4,4,4,4,4,4,4,4,4,4,4,3,31,3
311,cotton,vegetative growth,cercospora leaf spot,Fungus,"High humidity, warm temps, intermittent rains",Small reddish-purple leaf spots turning grey in center,Rapid leaf expansion increases susceptible tissue,"Crop rotation, early fungicide spray if needed","NDVI drop in patches, humidity spikes, new spot counts",4,4,4,4,4,4,4,4,4,4,4,4,4,4,4,3,31,47
312,cotton,vegetative growth,bacterial blight,Bacteria,"Warm + humid weather, rainfall splash","Water-soaked angular lesions, black spots on veins",New leaves have softer tissues prone to bacterial entry,"Resistant varieties, copper sprays, avoid overhead irrigation","RH >85%, frequent rainfall, lesion clustering",3,3,3,3,3,3,3,3,2,2,2,2,2,2,2,3,31,30
313,cotton,vegetative growth,fusarium wilt,Fungus,"Warm soils (25–30°C), moisture stress","Leaf drooping, yellowing from base upward, unilateral wilt",Increased root mass provides more entry points,"Resistant varieties, avoid continuous cotton, soil amendments","Soil pathogen index, early chlorosis, NDVI streaks",2,2,2,2,2,2,2,2,2,2,2,2,2,2,2,3,31,101
314,cotton,vegetative growth,verticillium wilt,Fungus,Cool–moderate temps (20–28°C); moist soils,"Interveinal chlorosis, leaf curling, stunting",Root wounds from early growth allow pathogen entry,"Crop rotation, organic matter improvement, resistant hybrids","Soil moisture variation, sentinel plant testing",2,2,2,2,2,2,2,2,2,2,2,2,2,2,2,3,31,229
315,cotton,vegetative growth,cotton leaf curl virus (clcuv),Virus (Whitefly-vectored),"Warm, dry spells; high whitefly activity","Curling, thickening of leaves, vein swelling",Increased leaf surface attracts more vectors,"Yellow sticky traps, vector control, remove alternate hosts","Whitefly count >5/leaf, dry weather + temperature rise",3,3,3,3,3,3,3,3,4,4,4,4,2,2,2,3,31,73
316,cotton,vegetative growth,myrothecium leaf spot,Fungus,"High humidity, leaf wetness, shaded fields",Circular spots with black fruiting bodies,Dense canopy traps moisture,"Remove infected debris, balanced irrigation","Leaf moisture >10 hrs, black sporulation on lesions",4,4,4,4,4,4,4,4,4,4,4,4,4,4,4,3,31,138
317,cotton,vegetative growth,spider mites,Pest,"Hot, dry, dusty conditions","Yellow stippling, bronzing of leaves, fine webbing",More leaf area exposed to mites,"Maintain field moisture, acaricides if needed","Mite count per leaf, dry spell indicators",3,3,3,3,3,3,3,3,4,4,4,4,3,3,3,3,31,200
318,cotton,vegetative growth,thrips injury,Pest,"Hot, dry weather","Leaf distortion, rough texture, silvery streaks",Tender new leaves formed continuously,Seed treatment or foliar insecticide,Thrips count >8 per leaf,3,3,3,3,3,3,3,3,4,4,4,4,3,3,3,3,31,226
319,cotton,vegetative growth,root-knot nematode damage,Nematode,"Sandy soils, warm temps","Stunting, pale leaves, poor vigor",Root system expands ? more nematode feeding points,"Nematicides, resistant hybrids","Soil nematode population, root gall sampling",2,2,2,2,2,2,2,2,2,2,2,2,2,2,2,3,31,173
320,cotton,square formation (squaring),"square drop due to bollworm (helicoverpa, pink bollworm early feeding)",Pest (Lepidoptera),"Warm nights, dry spells, moderate humidity","Small bored holes in squares, premature square shedding",Young squares are tender and easily destroyed by larvae,"Pheromone traps, timely insecticide, Bt hybrids","Moth trap catch >8/night, square shed %, larvae per 20 plants",3,3,3,3,3,3,3,3,4,4,4,4,2,2,2,3,27,204
321,cotton,square formation (squaring),jassid (leafhopper) injury,Pest,"Warm, dry conditions","Yellowing, downward curling, hopper burn on leaves ? square retention drops","Jassids reduce photosynthesis, weakening square development","Resistant varieties, neem oil, systemic insecticides","Jassid count >2 per leaf, leaf-edge yellowing",3,3,3,3,3,3,3,3,4,4,4,4,2,2,2,3,27,124
322,cotton,square formation (squaring),whitefly ? cotton leaf curl virus (clcuv),Virus (Vector-borne),"Warm, dry spells; high whitefly numbers","Curling, thickening of leaves, flower bud stunting",Active vector population + tender squares increase susceptibility,"Yellow sticky traps, vector control, rogue infected plants","Whitefly count >5/leaf, virus symptom clustering",3,3,3,3,3,3,3,3,4,4,4,4,2,2,2,3,27,236
323,cotton,square formation (squaring),alternaria leaf spot,Fungus,"Humid, warm weather; leaf wetness",Brown concentric spots on leaves ? reduced photosynthesis,"High foliage density traps moisture, weakening squares","Preventive fungicides, residue removal","Lesion count, RH >85%, NDVI localized drop",4,4,4,4,4,4,4,4,4,4,4,4,4,4,4,3,27,3
324,cotton,square formation (squaring),cercospora leaf spot,Fungus,"High humidity, intermittent rains","Purple-bordered round lesions, premature leaf drop",Fungal spread increases shading ? affects square nutrition,"Crop rotation, well-timed fungicides","Humidity spikes, canopy wetness duration",4,4,4,4,4,4,4,4,4,4,4,4,4,4,4,3,27,47
325,cotton,square formation (squaring),bacterial blight,Bacteria,"Warm + humid conditions, rainfall splash","Angular water-soaked lesions, black veins, bud infection",Rapid tissue expansion + bacteria entry via stomata,"Copper sprays, avoid overhead irrigation","Rainfall followed by high RH, lesion spread",3,3,3,3,3,3,3,3,2,2,2,2,2,2,2,3,27,30
326,cotton,square formation (squaring),fusarium wilt (active phase begins),Fungus,"Warm soil, moisture stress","Sudden yellowing, wilting, square shedding",Plants use high energy for square development ? stress ? wilt,"Resistant varieties, soil health improvement","NDVI downward trend, soil pathogen load",2,2,2,2,2,2,2,2,2,2,2,2,2,2,2,3,27,102
327,cotton,square formation (squaring),verticillium wilt,Fungus,Cool–moderate temperatures,"Interveinal chlorosis, leaf curling, stunting ? poor square retention",Canopy expands fast; nutrient redistribution weakens immunity,"Crop rotation, avoid excessive irrigation","Soil moisture fluctuation, chlorosis mapping",2,2,2,2,2,2,2,2,2,2,2,2,2,2,2,3,27,229
328,cotton,square formation (squaring),reddening of cotton (nutrient & pest stress),Physiological + Pest associated,"Low phosphorus, low Mg, whitefly outbreaks","Leaves turn reddish, small squares, shedding",Nutrient diversion towards developing squares,"Balanced fertilization, pest control","Leaf color index, nutrient mapping",2,2,2,2,2,2,2,2,2,2,2,2,2,2,2,3,27,161
329,cotton,square formation (squaring),thrips damage,Pest,"Hot, dry weather","Scarred squares, distorted leaf tissue",Tender squares attract thrips feeding,"Sticky traps, timely sprays",Thrips count >8/plant,3,3,3,3,3,3,3,3,4,4,4,4,3,3,3,3,27,224
330,cotton,flowering,american bollworm (helicoverpa) damage,Pest (Lepidoptera),"Warm nights, humid weather, moderate rainfall","Holes in flowers, shedding of flowers, damaged anthers and ovaries",Flowers are soft and easily penetrated by larvae,"Pheromone traps, Bt cotton, timely insecticide","Trap catch >8/night, flower drop %, larvae per 20 plants",3,3,3,3,3,3,3,3,2,2,2,2,2,2,2,3,8,9
331,cotton,flowering,pink bollworm (early flower attack),Pest,"Warm, dry weather","Rosette flowers, silk webbing, internal feeding",Larvae bore into flowers ? reduces boll formation,"Pheromone traps, PBW mating disruption, timely sprays","Larvae count, rosette flower %",3,3,3,3,3,3,3,3,4,4,4,4,2,2,2,3,8,147
332,cotton,flowering,whitefly ? cotton leaf curl virus (clcuv),Virus (Vector-borne),"Warm, dry spells; low rainfall","Leaf curling, thickened veins, stunted new flowers",High vector activity & tender reproductive tissues,"Remove alternate hosts, vector control, sticky traps","Whitefly >5/leaf, CLCuV symptom mapping",3,3,3,3,3,3,3,3,4,4,4,4,2,2,2,3,8,236
333,cotton,flowering,jassid damage (hopper burn),Pest,"Hot, dry conditions",Leaf yellowing ? reduces nutrient flow to flowers,Photosynthesis reduction ? flower shedding,"Resistant varieties, neem extracts, systemic insecticide","Jassid >2/leaf, patchy yellowing",3,3,3,3,3,3,3,3,4,4,4,4,3,3,3,3,8,125
334,cotton,flowering,thrips injury,Pest,"Dry spells, hot climate","Browning of petals, scarred flowers",Thrips prefer soft flowering tissue,"Sticky traps, early sprays",Thrips >8/plant,3,3,3,3,3,3,3,3,4,4,4,4,3,3,3,3,8,226
335,cotton,flowering,alternaria leaf spot,Fungus,"Warm, humid, frequent dew",Circular brown leaf spots ? reduced photosynthesis,High leaf area + humidity creates ideal conditions,Preventive fungicide sprays,"RH >85%, leaf wetness >10 hrs",3,3,3,3,3,3,3,3,2,2,2,2,2,2,2,3,8,3
336,cotton,flowering,cercospora leaf spot,Fungus,Humid + intermittent rain,"Grey centers, purple margins on leaves",Leaf loss during flowering reduces boll set,"Crop rotation, fungicides","NDVI drop, lesion expansion rate",3,3,3,3,3,3,3,3,2,2,2,2,2,2,2,3,8,47
337,cotton,flowering,myrothecium leaf spot,Fungus,"Shaded, humid fields",circular spots with black fruiting bodies,Dense canopy at flowering traps moisture,"Improve aeration, fungicide",Leaf moisture duration,3,3,3,3,3,3,3,3,2,2,2,2,2,2,2,3,8,138
338,cotton,flowering,bacterial blight,Bacteria,"Rainfall splash, warm humid weather",Angular leaf lesions; flower infection causes shedding,Flowers provide easy entry routes,"Copper sprays, avoid overhead irrigation","Humidity >85%, new lesion spots",3,3,3,3,3,3,3,3,2,2,2,2,2,2,2,3,8,30
339,cotton,flowering,fusarium wilt,Fungus,"Warm soils, drought stress","Wilt from base upward, yellowing, flower drop",High energy demand at flowering ? stress weakens immunity,"Resistant cultivars, soil health","NDVI decline, soil pathogen index",3,3,3,3,3,3,3,3,4,4,4,4,2,2,2,3,8,101
340,cotton,flowering,verticillium wilt,Fungus,Cool–moderate temps,"Interveinal chlorosis, leaf curling, weak flowering",Cool spells during flowering increase wilt activity,"Crop rotation, maintain soil moisture","Chlorosis mapping, weather cooling",2,2,2,2,2,2,2,2,2,2,2,2,2,2,2,3,8,229
341,cotton,flowering,reddening of cotton (physiological / nutritional disorder),"Nutrient disorder (P, Mg deficiency)","Low soil fertility, pest stress","Leaves turn red/purple, flower drop",High nutrient drain during flowering,Balanced fertilization,"Leaf color index, nutrient status",3,3,3,3,3,3,3,3,3,3,3,3,3,3,3,3,8,162
342,cotton,boll formation,pink bollworm (major pest in boll formation),Pest (Lepidoptera),"Warm, dry weather","Entry holes in bolls, internal feeding, lint sticking",Newly formed bolls are soft ? larvae bore easily,"Pheromone traps, mating disruption, timely sprays","PBW trap catch >8/night, affected boll %, larvae count",3,3,3,3,3,3,3,3,4,4,4,4,2,2,2,3,1,150
343,cotton,boll formation,american bollworm (helicoverpa),Pest,"Warm nights, moderate humidity","Holes on boll surface, shedding of immature bolls",Soft boll tissues highly vulnerable,"Bt cotton, insecticide rotation, pheromone traps","Larvae per 20 plants, flower/boll drop %",3,3,3,3,3,3,3,3,2,2,2,2,2,2,2,3,1,8
344,cotton,boll formation,spotted bollworm,Pest,Warm humid climate,"Boreholes, frass stuck to boll, internal damage",Young bolls not yet lignified,Trap-based monitoring & insecticides,"Moth catch, frass presence",3,3,3,3,3,3,3,3,2,2,2,2,2,2,2,3,1,202
345,cotton,boll formation,whitefly ? cotton leaf curl virus (clcuv),Virus (Vector-borne),"Warm, dry spells","Curling of leaves, stunted boll growth",Virus reduces photosynthesis ? poor boll filling,"Vector control, remove alternate hosts","Whitefly >5/leaf, viral hotspot mapping",3,3,3,3,3,3,3,3,4,4,4,4,2,2,2,3,1,236
346,cotton,boll formation,jassid (leafhopper),Pest,"Dry, warm climate",Hopper burn ? reduces boll setting,Photosynthesis reduction affects boll nutrition,"Resistant varieties, neem oil, systemics",Jassid >2/leaf,3,3,3,3,3,3,3,3,4,4,4,4,2,2,2,3,1,123
347,cotton,boll formation,"boll rot complex (xanthomonas, colletotrichum, diplodia)",Bacteria + Fungi,"High humidity, rains, long dew","Dark rot patches, premature boll opening, foul odor",Boll tissues remain moist ? ideal for pathogens,"Avoid tight spacing, fungicides, ensure aeration","RH >85%, rainfall frequency, rotten boll %",4,4,4,4,4,4,4,4,4,4,4,4,4,4,4,3,1,42
348,cotton,boll formation,anthracnose (colletotrichum spp.),Fungus,Warm–wet conditions,"Sunken lesions on bolls, dark fungal spots",Bolls have high moisture content,"Seed treatment, field sanitation","Leaf wetness duration, infected boll count",2,2,2,2,2,2,2,2,2,2,2,2,2,2,2,3,1,11
349,cotton,boll formation,alternaria leaf spot,Fungus,Warm & humid periods,Concentric leaf spots ? reduced photosynthesis,Reduced foliage = poor boll filling,Preventive sprays,"Lesion expansion, RH spikes",3,3,3,3,3,3,3,3,2,2,2,2,2,2,2,3,1,3
350,cotton,boll formation,cercospora leaf spot,Fungus,Humid conditions,Grey spots with purple border,Weakens plant energy supply for boll formation,Fungicide sprays,"Humidity >85%, NDVI decline patches",3,3,3,3,3,3,3,3,2,2,2,2,2,2,2,3,1,47
351,cotton,boll formation,fusarium wilt (late expression),Fungus,"Warm soil, water stress","Wilted branches, boll drop",Stressed plants more susceptible,"Resistant cultivars, soil management","Soil pathogen load, sudden wilting",2,2,2,2,2,2,2,2,2,2,2,2,2,2,2,3,1,106
352,cotton,boll formation,verticillium wilt,Fungus,Cool/moderate weather,"Interveinal chlorosis, leaf curl",Reduces nutrients for boll growth,"Crop rotation, moisture management",Chlorosis mapping,2,2,2,2,2,2,2,2,2,2,2,2,2,2,2,3,1,229
353,cotton,boll formation,reddening of cotton (physiological issue),"Nutrient imbalance (Mg, P)","Low fertility, pest stress","Leaves red/purple, boll retention drops",Nutrient diversion to bolls increases deficiency risk,Balanced fertilization,"Leaf color index, soil nutrient mapping",3,3,3,3,3,3,3,3,3,3,3,3,3,3,3,3,1,163
354,cotton,boll formation,pink bollworm (major threat),Pest (Lepidoptera),"Warm, dry weather","Boreholes, webbing inside bolls, unripe/hardened bolls",Bolls have soft lint & seeds ? ideal feeding habitat,"Pheromone traps, mating disruption, timely insecticides","PBW trap catch >8/night, infested boll %, larvae count",3,3,3,3,3,3,3,3,4,4,4,4,2,2,2,3,1,151
355,cotton,boll formation,spotted bollworm / american bollworm,Pest,Moderate humidity + warm temps,"Holes on boll surface, internal rotting, premature boll drop",Boll tissues still tender,"Bt cotton, insecticide rotation","Larvae per 20 plants, boll drop trends",3,3,3,3,3,3,3,3,2,2,2,2,2,2,2,3,1,203
356,cotton,boll formation,"boll rot complex (xanthomonas, colletotrichum, diplodia, aspergillus)",Bacteria + Fungi,"High humidity, rainfall, long dew periods","Soft rot, sticky lint, foul smell, premature opening",Moist enclosed boll microclimate ? ideal for pathogens,"Improve aeration, avoid overcrowding, fungicides","RH >85%, frequent dew, rotten boll %",4,4,4,4,4,4,4,4,4,4,4,4,4,4,4,3,1,43
357,cotton,boll formation,anthracnose,Fungus,Warm–wet conditions,"Sunken lesions on bolls, black fungal spots",Developing bolls have higher moisture,"Field sanitation, fungicides","Lesion count, leaf wetness duration",2,2,2,2,2,2,2,2,2,2,2,2,2,2,2,3,1,10
358,cotton,boll formation,alternaria leaf spot,Fungus,"Humid, warm climate",Concentric leaf spots ? reduced photosynthesis,Less photosynthesis ? poor boll filling,Preventive fungicides,"NDVI drop, lesion expansion rate",3,3,3,3,3,3,3,3,2,2,2,2,2,2,2,3,1,3
359,cotton,boll formation,cercospora leaf spot,Fungus,High humidity,Grey leaf spots ? early defoliation,Reduced canopy weakens boll development,"Rotation, fungicides","Humidity >85%, canopy thinning",4,4,4,4,4,4,4,4,4,4,4,4,4,4,4,3,1,47
360,cotton,boll formation,myrothecium leaf spot,Fungus,"Shaded, humid conditions",Black fruiting bodies in leaf lesions,Dense canopy traps moisture,Improve field aeration,Leaf moisture duration,3,3,3,3,3,3,3,3,2,2,2,2,2,2,2,3,1,138
361,cotton,boll formation,whitefly ? cotton leaf curl virus (clcuv),Virus (Vector-borne),"Warm, dry spells","Curling leaves, stunted boll growth",Virus reduces photosynthate allocation,Strong vector control,"Whitefly >5/leaf, viral patching",3,3,3,3,3,3,3,3,4,4,4,4,2,2,2,3,1,236
362,cotton,boll formation,jassid (hopper burn),Pest,"Dry, warm weather",Leaf yellowing ? reduced nutrient flow to bolls,Affects boll filling and boll weight,"Resistant varieties, insecticides",Jassid >2/leaf,3,3,3,3,3,3,3,3,4,4,4,4,2,2,2,3,1,122
363,cotton,boll formation,spider mites,Pest,"Hot, dry dusty conditions","Leaf bronzing, reduced boll filling",Mites suck sap ? plant stress ? boll size reduction,"Maintain moisture, acaricides","Mite count/leaf, dry spell intensity",3,3,3,3,3,3,3,3,4,4,4,4,3,3,3,3,1,200
364,cotton,boll formation,fusarium wilt (late symptoms),Fungus,"Warm soil, drought stress","Sudden branch wilt, boll shedding",Stress + pathogen load affect boll maturation,"Resistant varieties, soil health","Soil pathogen index, stressed patches",3,3,3,3,3,3,3,3,4,4,4,4,2,2,2,3,1,107
365,cotton,boll formation,verticillium wilt,Fungus,Cool–moderate weather,"Interveinal chlorosis, leaf curl",Weakens plant’s nutrient supply for bolls,"Rotation, balanced irrigation",Chlorosis mapping,2,2,2,2,2,2,2,2,2,2,2,2,2,2,2,3,1,229
366,cotton,boll formation,physiological reddening (nutrient stress),Mg/P deficiency,"Low nutrient availability, pest pressure","Red-purple leaves, poor boll filling",High nutrient diversion to bolls ? deficiencies appear,"Balanced NPK, foliar Mg","Leaf color index, nutrient mapping",2,2,2,2,2,2,2,2,2,2,2,2,2,2,2,3,1,145
367,cotton,boll opening & maturity,"boll rot complex (xanthomonas, colletotrichum, diplodia, aspergillus)",Bacteria + Fungi,"High humidity, intermittent rains, prolonged dew","Brown/black rot patches, sticky lint, foul smell",Open bolls expose lint ? easy infection,"Avoid irrigation during opening, maintain aeration, fungicides","RH >85%, rainfall events, rotten boll %",4,4,4,4,4,4,4,4,4,4,4,4,4,4,4,3,2,43
368,cotton,boll opening & maturity,"fungal staining (aspergillus, penicillium)",Fungus,"Humid weather, cloudy days, late rains",Yellow/brown stains on lint,Exposed lint absorbs moisture ? fungal growth,"Timely harvest, avoid late picking","Lint moisture %, rainy day count",3,3,3,3,3,3,3,3,2,2,2,2,2,2,2,3,2,92
369,cotton,boll opening & maturity,alternaria leaf spot,Fungus,"Warm, humid periods","Leaf defoliation, reduced photosynthesis",Late defoliation reduces boll maturity & quality,Preventive fungicides,"Lesion expansion, NDVI fall",3,3,3,3,3,3,3,3,2,2,2,2,2,2,2,3,2,3
370,cotton,boll opening & maturity,cercospora leaf spot,Fungus,Humidity + rains,Premature defoliation,Reduced carbohydrate supply delays boll cracking,Timely sprays,"RH >85%, canopy thinning",3,3,3,3,3,3,3,3,2,2,2,2,2,2,2,3,2,47
371,cotton,boll opening & maturity,grey mold (botrytis),Fungus,"Cool, humid conditions",Gray fuzzy mold on open lint,Lint exposed + cool moisture ideal for rot,"Improve aeration, avoid late irrigation",Low temp + RH spikes,3,3,3,3,3,3,3,3,2,2,2,2,2,2,2,3,2,118
372,cotton,boll opening & maturity,pink bollworm (late damage),Pest (Lepidoptera),"Warm, dry conditions",Damaged seeds inside open bolls,Late larvae feeding reduces seed quality,Timely sprays before opening,"PBW trap catch, seed damage %",3,3,3,3,3,3,3,3,4,4,4,4,2,2,2,3,2,148
373,cotton,boll opening & maturity,whitefly (sooty mold development),Pest ? Fungi (Capnodium),Dry weather with honeydew production,Black sooty mold on lint,Whiteflies secrete honeydew ? mold grows on lint,Whitefly control before maturity,"Honeydew deposition %, whitefly count",3,3,3,3,3,3,3,3,4,4,4,4,3,3,3,3,2,235
374,cotton,boll opening & maturity,aphids (honeydew ? lint staining),Pest,"Cool, humid weather","Sticky lint, black fungal growth",Honeydew encourages fungal staining,Early aphid control,Aphid count per leaf,3,3,3,3,3,3,3,3,2,2,2,2,2,2,2,3,2,18
375,cotton,boll opening & maturity,spider mites,Pest,"Hot, dry weather","Leaf bronzing, premature leaf drop",Stress reduces boll maturity & fiber filling,"Adequate irrigation, acaricides","Mite count, dryness index",3,3,3,3,3,3,3,3,4,4,4,4,3,3,3,3,2,200
376,cotton,boll opening & maturity,fusarium/verticillium wilts (late expression),Fungal,Soil temp fluctuations,Wilting branches with unopen bolls,Vascular blockage ? delayed maturity,Resistant varieties,NDVI and moisture stress indicators,2,2,2,2,2,2,2,2,2,2,2,2,2,2,2,3,2,108
377,cotton,harvest,"fungal staining (aspergillus, penicillium)",Fungus,"High humidity, dew, late rains",Yellow/brown stains on lint; musty odor,Open lint absorbs moisture ? fungal colonization,Harvest during dry spells; avoid picking wet cotton,"Lint moisture %, rainy day count, RH >85%",4,4,4,4,4,4,4,4,4,4,4,4,4,4,4,3,12,92
378,cotton,harvest,sooty mold (honeydew-related),Secondary Fungi (Capnodium),Dry weather + honeydew from whiteflies/aphids,Black coating on lint surface ? grade reduction,Honeydew acts as substrate for mold,Control whitefly/aphid before harvest; timely picking,"Honeydew index, pest count per leaf",3,3,3,3,3,3,3,3,4,4,4,4,3,3,3,3,12,194
379,cotton,harvest,boll rot (residual),Bacteria + Fungi,High humidity; late-season rains,"Rotten bolls, discolored lint, premature boll breakage",Open bolls + retained moisture increase infection,"Avoid late irrigation, improve field drainage","Rotten boll %, rainfall frequency",4,4,4,4,4,4,4,4,4,4,4,4,4,4,4,3,12,41
380,cotton,harvest,grey mold (botrytis),Fungus,"Cool, humid weather",Grey fuzzy fungal growth on exposed lint,Damp lint encourages fungal sporulation,Dry harvest timing; avoid late irrigation,"RH >85%, leaf wetness duration",3,3,3,3,3,3,3,3,2,2,2,2,2,2,2,3,12,118
381,cotton,harvest,pink bollworm (late feeding),Pest,"Warm, dry climate","Seeds damaged, lint stuck, lower quality",Larvae remain inside tight bolls until harvest,Destroy crop residue; pheromone traps,"Seed damage %, trap catches",3,3,3,3,3,3,3,3,4,4,4,4,2,2,2,3,12,149
382,cotton,harvest,whitefly (lint contamination),Pest,"Warm, dry weather","Lint dullness, sticky touch, ginning problems",Honeydew causes stickiness ? lint staining,Vector control before harvest,"Whitefly >5/leaf, honeydew scoring",3,3,3,3,3,3,3,3,4,4,4,4,2,2,2,3,12,234
383,cotton,harvest,aphids (sticky cotton),Pest,"Cool, humid weather",Sticky cotton ? fungal staining risk increases,Honeydew leads to secondary fungal growth,Pest management before maturity,Aphid count per leaf,3,3,3,3,3,3,3,3,2,2,2,2,2,2,2,3,12,19
384,cotton,harvest,spider mites (indirect),Pest,"Hot, dry climate",Bronzed leaves ? incomplete boll maturation,Reduced photosynthesis ? immature lint,Manage mites earlier; maintain moisture,"Mite count, dryness index",3,3,3,3,3,3,3,3,4,4,4,4,3,3,3,3,12,201
385,cotton,harvest,trash & bark contamination,Physical contamination,"Wind, dry leaves, machine harvest issues","Bark fragments, leaf trash mixed with lint",Dry plant parts detach easily at harvest,"Clean picking, manual sorting, avoid over-dry harvest","Trash % in sample, foreign matter index",3,3,3,3,3,3,3,3,4,4,4,4,3,3,3,3,12,227
386,cotton,harvest,rain damage / weathering,Weather-induced,"Continuous rain, cloudy humid days","Lint dulling, sprouting in bolls, fiber weakening",Open bolls highly sensitive to moisture,Harvest early; avoid delays during rainy spells,"Rainfall events, boll moisture %, color grade shifts",3,3,3,3,3,3,3,3,4,4,4,4,4,4,4,3,12,160
389,wheat,seed treatment & sowing,fusarium seed rot,Fungus,Cool wet soils,Poor germination seed decay,Seeds treated improperly or stored in humid conditions,Use fungicide seed treatment proper storage,Seed vigor tests germination rates,2,2,2,2,2,2,2,2,2,2,2,2,2,2,2,4,22,98
390,wheat,seed treatment & sowing,alternaria seed spot,Fungus,High humidity warm storage,Black spots on seed coat,Seeds exposed to moisture during storage,Seed treatment proper drying,Visual seed inspection,4,4,4,4,4,4,4,4,4,4,4,4,4,4,4,4,22,7
391,wheat,seed treatment & sowing,common bunt,Fungus,Cool moist conditions,Seed-borne infection spores,Contaminated seed or spore-infested soil,Certified seed treatment with fungicides,Seed source verification,2,2,2,2,2,2,2,2,2,2,2,2,2,2,2,4,22,51
392,wheat,germination,fusarium seedling blight,Fungus,Cool wet soils high humidity,Poor germination seed rot weak seedlings,Seeds and young roots exposed to soil pathogens,Use certified pathogen-free seeds seed treatment,Soil moisture humidity NDVI early vigor loss,4,4,4,4,4,4,4,4,4,4,4,4,4,4,4,4,9,99
393,wheat,germination,septoria seedling blight,Fungus,Cool moist conditions,Lesions on coleoptile poor emergence,Young seedlings highly susceptible,Crop rotation seed treatment avoid high residue,Weather patterns pest count fungal spores,2,2,2,2,2,2,2,2,2,2,2,2,2,2,2,4,9,191
394,wheat,germination,common root rot,Fungus,Cool wet soils,Brown black roots stunted seedlings,Roots forming and vulnerable to infection,Seed treatment avoid waterlogged soils,Soil moisture root health indicators,2,2,2,2,2,2,2,2,2,2,2,2,2,2,2,4,9,52
395,wheat,germination,black point alternaria,Fungus,High humidity moderate temperatures,Black discoloration on seeds poor vigor,Seed surface exposed to spores,Use clean disease-free seed seed treatment,Humidity seed inspection,4,4,4,4,4,4,4,4,4,4,4,4,4,4,4,4,9,40
396,wheat,germination,aspergillus seed rot,Fungus,Warm humid conditions,Seed decay reduced germination,Seeds metabolically active prone to rot,Dry storage seed treatment avoid high humidity,Humidity seed quality tests,3,3,3,3,3,3,3,3,2,2,2,2,2,2,2,4,9,28
397,wheat,germination,wheat bulb fly infestation,Pest,Cool moist soils,Seedlings fail to emerge holes in roots,Emerging roots attract pests,Seed treatment cultural control,Pest count soil inspection,2,2,2,2,2,2,2,2,2,2,2,2,2,2,2,4,9,232
398,wheat,germination,wheat streak mosaic virus,Virus,Warm dry conditions,Stunted growth mottling poor emergence,Young plants vulnerable to vector feeding,Control volunteer cereals use resistant varieties,Pest count mites weather patterns,3,3,3,3,3,3,3,3,4,4,4,4,2,2,2,4,9,233
399,wheat,emergence,seedling blight,Fungus,Cool wet soil high humidity,Discolored water-soaked lesions on coleoptile,Young seedlings highly susceptible to soil-borne fungi,Use certified disease-free seeds treat with fungicides,Soil temperature soil moisture NDVI drop emergence delay,4,4,4,4,4,4,4,4,4,4,4,4,4,4,4,4,6,186
400,wheat,emergence,damping-off,Fungus,Cool wet soil poor drainage,Seedlings collapse at soil line stem base water-soaked,Hypocotyl and root tissues tender easily invaded,Ensure proper seedbed preparation use fungicide,Soil moisture emergence rate plant loss humidity,3,3,3,3,3,3,3,3,3,3,3,3,3,3,3,4,6,81
401,wheat,emergence,pythium root rot,Fungus,Cool wet soil high humidity,Seed decay weak seedlings root rot,Seeds and roots highly susceptible,Seed treatment avoid waterlogged soils,Soil moisture NDVI change seedling vigor,4,4,4,4,4,4,4,4,4,4,4,4,4,4,4,4,6,158
402,wheat,emergence,powdery mildew,Fungus,Cool mild temperatures high humidity,White powdery spots on leaves,Young leaves more susceptible dense seedlings,Plant in well-drained ventilated fields,Leaf spot appearance humidity NDVI canopy,4,4,4,4,4,4,4,4,4,4,4,4,4,4,4,4,6,155
403,wheat,emergence,root rot,Fungus,Cool wet soil poor drainage,Roots appear brown mushy plants may wilt,Immature root system easily damaged,Use healthy seed treat with fungicides,Soil moisture root symptoms plant vigor NDVI,3,3,3,3,3,3,3,3,3,3,3,3,3,3,3,4,6,169
404,wheat,tillering,fusarium head blight,Fungus,High humidity moderate temperatures,Pale water-soaked lesions on stems and leaves,Young tillers tender and susceptible,Use resistant varieties avoid excessive nitrogen,NDVI drop increased humidity moderate temperatures,4,4,4,4,4,4,4,4,4,4,4,4,4,4,4,4,30,96
405,wheat,tillering,leaf rust,Fungus,Warm humid weather,Small reddish-brown pustules on leaves,Rapid leaf growth provides infection sites,Fungicide application crop rotation,NDVI change humidity spikes visible pustules,3,3,3,3,3,3,3,3,2,2,2,2,2,2,2,4,30,127
406,wheat,tillering,septoria tritici blotch,Fungus,Cool wet conditions,Small dark brown spots with yellow halos,Young leaves more susceptible,Remove crop residues timely fungicide,NDVI decline wet weather leaf spots,2,2,2,2,2,2,2,2,2,2,2,2,2,2,2,4,30,192
407,wheat,tillering,powdery mildew,Fungus,High humidity moderate temperatures,White powdery growth on leaves,Dense canopy in tillering stage traps moisture,Proper spacing fungicide use,NDVI drop visible powdery growth humidity,4,4,4,4,4,4,4,4,4,4,4,4,4,4,4,4,30,155
408,wheat,tillering,bacterial leaf blight,Bacteria,Warm wet conditions,Water-soaked angular lesions on leaves,Young tissue more prone to infection,Avoid overhead irrigation crop rotation,NDVI decline leaf lesions wet weather,2,2,2,2,2,2,2,2,2,2,2,2,2,2,2,4,30,35
409,wheat,stem elongation & jointing,stem rust,Fungus,Warm moist weather,Elongated reddish-brown pustules on stems,Rapid stem growth increases susceptibility,Use resistant varieties apply fungicides,NDVI drop humidity spikes rust spores,2,2,2,2,2,2,2,2,2,2,2,2,2,2,2,4,28,209
410,wheat,stem elongation & jointing,stripe rust,Fungus,Cool wet conditions,Yellow stripe-like lesions on leaves stems,Young tissue highly vulnerable,Resistant cultivars timely fungicide,NDVI change humidity temperature spore counts,2,2,2,2,2,2,2,2,2,2,2,2,2,2,2,4,28,219
411,wheat,stem elongation & jointing,septoria nodorum blotch,Fungus,Cool humid weather,Brown lesions with yellow halos on leaves,Infection spreads to upper leaves,Crop rotation fungicide application,Lesion count humidity NDVI weather,3,3,3,3,3,3,3,3,2,2,2,2,2,2,2,4,28,190
412,wheat,stem elongation & jointing,powdery mildew,Fungus,High humidity moderate temperatures,White powdery patches on leaves,Dense canopy favors infection,Proper spacing fungicide use,NDVI drop visible powdery growth,4,4,4,4,4,4,4,4,4,4,4,4,4,4,4,4,28,155
413,wheat,stem elongation & jointing,leaf rust,Fungus,Warm humid weather,Orange-brown pustules on leaves,Active leaf growth provides sites,Fungicide application resistant varieties,NDVI change humidity pustules visible,3,3,3,3,3,3,3,3,2,2,2,2,2,2,2,4,28,127
414,wheat,stem elongation & jointing,take-all,Fungus,Cool poorly drained soils,Chlorotic flecks brown lesions root rot,Root and stem stress increases,Crop rotation soil fertility management,Root symptoms soil moisture NDVI,2,2,2,2,2,2,2,2,2,2,2,2,2,2,2,4,28,221
415,wheat,stem elongation & jointing,hessian fly,Pest,Cool moist spring conditions,Stunted plants dead hearts,Larvae attack developing stems,Timely planting resistant varieties,Larval count stunted plants dead hearts,2,2,2,2,2,2,2,2,2,2,2,2,2,2,2,4,28,120
416,wheat,stem elongation & jointing,frit fly,Pest,Warm conditions,Stunted growth plant death,Larvae damage growing points,Insecticide application resistant varieties,Pest counts stunted plants,2,2,2,2,2,2,2,2,2,2,2,2,2,2,2,4,28,91
417,wheat,booting,fusarium head blight,Fungus,Warm humid weather rainfall,Bleached spikelets pinkish mold,Booting stage exposes spike to infection,Use resistant varieties fungicide spray,High humidity NDVI drop spike discoloration,3,3,3,3,3,3,3,3,2,2,2,2,2,2,2,4,3,96
418,wheat,booting,powdery mildew,Fungus,Cool moist shaded conditions,White powdery spots on leaves,Dense canopy favors spore spread,Crop rotation fungicide application,Leaf spotting high humidity NDVI change,2,2,2,2,2,2,2,2,2,2,2,2,2,2,2,4,3,155
419,wheat,heading,fusarium head blight,Fungus,Warm humid wet during heading,Bleached or prematurely ripened heads shriveled kernels,Heads are exposed and receptive to spores,Fungicide at heading crop rotation resistant varieties,NDVI drop humidity spikes weather forecast,3,3,3,3,3,3,3,3,2,2,2,2,2,2,2,4,13,96
420,wheat,heading,wheat blast,Fungus,Warm high humidity rain dew,Premature bleaching of heads no grain production,Head vulnerable to infection during heading,Fungicide before rain dew resistant varieties,Weather forecast NDVI pest count humidity,4,4,4,4,4,4,4,4,4,4,4,4,4,4,4,4,13,231
421,wheat,heading,septoria tritici blotch,Fungus,Cool wet prolonged leaf wetness,Chlorotic flecks brown lesions on leaves,Flag leaf critical for grain fill,Resistant cultivars fungicide crop rotation,NDVI change leaf wetness humidity,4,4,4,4,4,4,4,4,4,4,4,4,4,4,4,4,13,192
422,wheat,heading,glume blotch,Fungus,Cool wet weather,Brown lesions on glumes,Glumes exposed become vulnerable,Resistant varieties fungicide,Lesions visible on glumes humidity,2,2,2,2,2,2,2,2,2,2,2,2,2,2,2,4,13,111
423,wheat,heading,rusts stripe leaf stem,Fungus,Varies by rust type moist temperatures,Rust-colored pustules on leaves stems,Tissue actively growing vulnerable,Resistant varieties fungicide,NDVI drop leaf symptoms weather,2,2,2,2,2,2,2,2,2,2,2,2,2,2,2,4,13,177
424,wheat,heading,bacterial leaf streak,Bacteria,Warm wet weather,Water-soaked streaks on leaves,Moisture favors bacterial spread,Resistant varieties avoid overhead irrigation,Leaf streaks visible humidity high,2,2,2,2,2,2,2,2,2,2,2,2,2,2,2,4,13,36
425,wheat,heading,take-all,Fungus,Cool poorly drained soils,Bleached heads shriveled kernels,Root stress affects head development,Crop rotation balanced fertility,Root symptoms soil moisture NDVI,2,2,2,2,2,2,2,2,2,2,2,2,2,2,2,4,13,221
426,wheat,flowering,fusarium head blight scab,Fungus,Warm humid conditions rain or dew,Bleached or partially bleached heads shriveled kernels,Flowers exposed and receptive to spores,Use resistant varieties fungicide at flowering,NDVI drop high humidity rainfall visible mycelium,3,3,3,3,3,3,3,3,2,2,2,2,2,2,2,4,8,97
427,wheat,flowering,wheat blast,Fungus,Warm high humidity rain dew,Premature bleaching of heads no grain production,Head vulnerable to infection,Fungicide before rain dew resistant varieties,Weather forecast NDVI pest count humidity,4,4,4,4,4,4,4,4,4,4,4,4,4,4,4,4,8,231
428,wheat,flowering,septoria tritici blotch,Fungus,Cool wet prolonged leaf wetness,Brown rectangular lesions on leaves,Flag leaf critical for grain fill,Crop rotation fungicide application,Lesions on flag leaves NDVI drop leaf wetness,4,4,4,4,4,4,4,4,4,4,4,4,4,4,4,4,8,192
429,wheat,grain filling,fusarium head blight scab,Fungus,Warm humid conditions rain or dew,Bleached heads shriveled kernels mycelium,Grains exposed and filling entry points,Use resistant varieties timely harvest avoid late N,NDVI drop high humidity rainfall before maturity,3,3,3,3,3,3,3,3,2,2,2,2,2,2,2,4,11,97
430,wheat,grain filling,septoria tritici blotch,Fungus,Cool wet weather leaf wetness,Brown rectangular lesions on leaves,Leaves remain active and susceptible,Crop rotation fungicide application resistant varieties,Lesions on flag leaves NDVI drop leaf wetness,4,4,4,4,4,4,4,4,4,4,4,4,4,4,4,4,11,192
431,wheat,grain filling,tan spot,Fungus,Warm moist weather prolonged leaf wetness,Tan oval lesions with yellow margins on leaves,Flag leaf and upper leaves critical for fill,Crop rotation residue management timely fungicide,Lesions on upper leaves NDVI decline,4,4,4,4,4,4,4,4,4,4,4,4,4,4,4,4,11,222
432,wheat,grain filling,stripe rust yellow rust,Fungus,Cool moist weather high humidity,Bright yellow powdery pustules in stripes,Late-stage infections reduce photosynthesis,Use resistant varieties fungicide application,Yellow pustules on leaves NDVI drop humidity,4,4,4,4,4,4,4,4,4,4,4,4,4,4,4,4,11,220
433,wheat,grain filling,common root rot,Fungus,Warm moist soil poor drainage,Brown to black lesions at base of stems,Roots stressed as plant diverts resources,Crop rotation improved drainage avoid waterlogging,Stunted plants brown black roots shriveled kernels,2,2,2,2,2,2,2,2,2,2,2,2,2,2,2,4,11,52
434,wheat,grain filling,black point alternaria,Fungus,High humidity warm conditions,Black discoloration on kernels,Seeds developing exposed to spores,Resistant varieties residue management,Visual kernel inspection humidity high,4,4,4,4,4,4,4,4,4,4,4,4,4,4,4,4,11,40
435,wheat,grain filling,ergot,Fungus,Cool moist conditions,Purple ergot bodies in heads,Fungus replacing grains,Sanitation remove infected heads,Visual inspection purple bodies in heads,2,2,2,2,2,2,2,2,2,2,2,2,2,2,2,4,11,86
436,wheat,ripening,fusarium head blight scab,Fungus,Warm humid weather,Tan to brown spikelets salmon fungal growth,High humidity and warm temperatures promote growth,Avoid susceptible varieties apply fungicides,Humidity spikes NDVI decline mycotoxin testing,3,3,3,3,3,3,3,3,2,2,2,2,2,2,2,4,21,97
437,wheat,ripening,stripe rust yellow rust,Fungus,Cool prolonged leaf wetness,Bright yellow-orange pustules in stripes,Cool moist conditions promote spore germination,Plant resistant varieties apply fungicides,NDVI changes humidity triggers visible pustules,4,4,4,4,4,4,4,4,4,4,4,4,4,4,4,4,21,220
438,wheat,ripening,cephalosporium stripe,Fungus,Wet low-lying areas acidic soils,Yellow stripes near leaf veins bleached stems,Wet soils and high residue favor fungal survival,Plant tolerant varieties later planting residue management,Soil moisture NDVI decline visible yellow stripes,2,2,2,2,2,2,2,2,2,2,2,2,2,2,2,4,21,46
439,wheat,maturity,sooty head mould,Fungus,Wet conditions prolonged rainfall,Dark green or black mould on heads,Wet conditions during maturity favor mould,Avoid excessive moisture at harvest,Humidity high visible mould on heads,2,2,2,2,2,2,2,2,2,2,2,2,2,2,2,4,14,193
440,wheat,maturity,fusarium head blight scab,Fungus,Warm humid weather,Tan to brown spikelets,Delayed harvest in humid conditions,Timely harvest dry grain quickly,Humidity spikes NDVI decline grain moisture,3,3,3,3,3,3,3,3,2,2,2,2,2,2,2,4,14,97
441,wheat,maturity,black point alternaria,Fungus,High humidity warm conditions,Black discoloration on seed coat,Seeds exposed to fungal spores,Harvest promptly dry grains,Visual inspection humidity high,4,4,4,4,4,4,4,4,4,4,4,4,4,4,4,4,14,40
442,wheat,maturity,lodging damage,Physical,Heavy rain strong winds,Fallen plants difficult to harvest,Plant stress and damage increase loss,Support varieties proper fertilization,Visual assessment plant position,2,2,2,2,2,2,2,2,2,2,2,2,2,2,2,4,14,128
443,wheat,maturity,grain weathering,Physical,Rain after physiological maturity,Discolored sprouted grains,Extended time to maturity in wet conditions,Timely harvest weather monitoring,Visual inspection grain damage,2,2,2,2,2,2,2,2,2,2,2,2,2,2,2,4,14,113
444,wheat,maturity,mycotoxins,Fungus,Warm humid extended growing season,Grain contamination toxins,Extended flowering grain fill periods,Resistant varieties crop rotation,Grain analysis laboratory testing,3,3,3,3,3,3,3,3,2,2,2,2,2,2,2,4,14,137
445,wheat,harvest,grain shattering,Physical,Wind strong rain at harvest,Loss of grains during cutting,Dry conditions can cause brittle heads,Timely harvest monitor grain loss,Visual assessment grain drop,2,2,2,2,2,2,2,2,2,2,2,2,2,2,2,4,12,112
446,wheat,harvest,fusarium head blight,Fungus,Humid weather during harvest,Moldy grains pink or white fungal growth,Moisture trapped in harvested grain,Dry grains quickly after harvest,High humidity NDVI decline grain moisture,3,3,3,3,3,3,3,3,2,2,2,2,2,2,2,4,12,96
447,wheat,harvest,combine losses,Physical,Weather conditions harvest timing,Grains left in field loss,Difficult harvest conditions delay,Proper harvest technique management,Visual field inspection grain count,2,2,2,2,2,2,2,2,2,2,2,2,2,2,2,4,12,50
448,wheat,harvest,black point,Fungus,High humidity warm conditions,Black discoloration on kernels,Seeds exposed to fungal spores,Harvest when dry properly,Visual grain inspection,4,4,4,4,4,4,4,4,4,4,4,4,4,4,4,4,12,39
449,wheat,post-harvest,fusarium head blight,Fungus,Warm humid weather during storage,Moldy grains pink or white fungal growth,Moisture trapped in harvested grains,Dry grains quickly after harvest avoid damp storage,High humidity NDVI decline grain moisture,4,4,4,4,4,4,4,4,4,4,4,4,4,4,4,4,19,96
450,wheat,post-harvest,storage molds,Fungus,High humidity warm storage conditions,Discoloration musty smell grain spoilage,Grains stored with high moisture,Ensure grain moisture less than 14 clean facilities,Humidity sensors visual inspection pest traps,4,4,4,4,4,4,4,4,4,4,4,4,4,4,4,4,19,218
451,wheat,post-harvest,bacterial contamination,Bacteria,Warm wet conditions post-harvest,Water-soaked lesions grain discoloration,Residual moisture and poor sanitation,Sanitize storage avoid wet grain storage,High humidity NDVI drop lesion appearance,2,2,2,2,2,2,2,2,2,2,2,2,2,2,2,4,19,34
